GIFT_ID,PERIOD_START,PERIOD_END,GIFT,RECIPIENT_FIRST_NAME,RECIPIENT_LAST_NAME,RECIPIENT_TITLE,VALUE,DEPARTMENT,LOBBYIST_ID,CREATED_DATE
21,2012-01-01,2012-06-30,lunch,Lois,Scott,CFO,10,FINANCE,5599,2012-08-06
22,2012-01-01,2012-06-30,lunch,Jacob,Stern,"Exec. Asst",10,FINANCE,5599,2012-08-06
23,2012-01-01,2012-06-30,lunch,Jeremy,Fine,"Dep. Comptroller",10,FINANCE,5599,2012-08-06
24,2012-01-01,2012-06-30,lunch,Amer,Ahmad,Comptroller,10,FINANCE,5599,2012-08-06
41,2012-01-01,2012-06-30,meal,"Proco Joe",Moreno,Alderman,18,"CITY COUNCIL / ALDERMEN",5757,2012-08-09
42,2012-01-01,2012-06-30,meal,Joe,Moore,Alderman,12,"CITY COUNCIL / ALDERMEN",5757,2012-08-09
61,2012-01-01,2012-06-30,lunch,Mary,O'Connor,Alderman,41,"CITY TREASURER",5778,2012-08-13
62,2012-01-01,2012-06-30,lunch,Pat,Dowell,Alderman,41,"CITY COUNCIL / ALDERMEN",5778,2012-08-13
63,2012-01-01,2012-06-30,lunch,Marge,Laurino,Alderman,41,"CITY COUNCIL / ALDERMEN",5778,2012-08-13
64,2012-01-01,2012-06-30,lunch,JoAnn,Thompson,Alderman,41,"CITY COUNCIL / ALDERMEN",5778,2012-08-13
65,2012-01-01,2012-06-30,lunch,Will,Burns,Alderman,31,"CITY COUNCIL / ALDERMEN",5778,2012-08-13
86,2012-01-01,2012-06-30,breakfast,Timothy,Cullerton,Alderman,24,"CITY COUNCIL / ALDERMEN",6082,2012-08-14
87,2012-01-01,2012-06-30,Breakfast,Patrick,O'Connor,Alderman,24,"CITY COUNCIL / ALDERMEN",6082,2012-08-14
88,2012-01-01,2012-06-30,Breakfast,Mary,O'Connor,Alderman,24,"CITY COUNCIL / ALDERMEN",6082,2012-08-14
89,2012-01-01,2012-06-30,breakfast,Brendan,Reilly,Alderman,24,"CITY COUNCIL / ALDERMEN",6082,2012-08-14
90,2012-01-01,2012-06-30,breakfast,Howard,Brookins,Alderman,24,"CITY COUNCIL / ALDERMEN",6082,2012-08-14
101,2012-01-01,2012-06-30,"water bottle at conference",Lois,Scott,CFO,4,FINANCE,5886,2012-08-21
121,2012-01-01,2012-06-30,"Invitation for breakfast",Rahm,Emanuel,Mayor,35,"CITY COUNCIL / ALDERMEN",5979,2012-08-22
201,2012-01-01,2012-06-30,"Invitation for breakfast at Chamber Annual Meeting","Proco Joe",Moreno,alderman,35,"CITY COUNCIL / ALDERMEN",5980,2012-08-29
202,2012-01-01,2012-06-30,"Invitation for breakfast at Chamber Annual Meeting",Robert,Fioretti,alderman,35,"CITY COUNCIL / ALDERMEN",5980,2012-08-29
203,2012-01-01,2012-06-30,"Invitation for breakfast at Chamber Annual Meeting",Pat,Dowell,alderman,35,"CITY COUNCIL / ALDERMEN",5980,2012-08-29
204,2012-01-01,2012-06-30,"Invitation for breakfast at Chamber Annual Meeting",Will,Burns,alderman,35,"CITY COUNCIL / ALDERMEN",5980,2012-08-29
205,2012-01-01,2012-06-30,"Invitation for breakfast at Chamber Annual Meeting",Leslie,Hairston,alderman,35,"CITY COUNCIL / ALDERMEN",5980,2012-08-29
206,2012-01-01,2012-06-30,"Invitation for breakfast at Chamber Annual Meeting",Roderick,Sawyer,alderman,35,"CITY COUNCIL / ALDERMEN",5980,2012-08-29
207,2012-01-01,2012-06-30,"Invitation for breakfast at Chamber Annual Meeting",Sandi,Jackson,alderman,35,"CITY COUNCIL / ALDERMEN",5980,2012-08-29
208,2012-01-01,2012-06-30,"Invitation for breakfast at Chamber Annual Meeting",Michelle,Harris,alderman,35,"CITY COUNCIL / ALDERMEN",5980,2012-08-29
209,2012-01-01,2012-06-30,"Invitation for breakfast at Chamber Annual Meeting",Anthony,Beale,alderman,35,"CITY COUNCIL / ALDERMEN",5980,2012-08-29
210,2012-01-01,2012-06-30,"Invitation for breakfast at Chamber Annual Meeting",John,Pope,alderman,35,"CITY COUNCIL / ALDERMEN",5980,2012-08-29
211,2012-01-01,2012-06-30,"Invitation for breakfast at Chamber Annual Meeting",James,Balcer,alderman,35,"CITY COUNCIL / ALDERMEN",5980,2012-08-29
212,2012-01-01,2012-06-30,"Invitation for breakfast at Chamber Annual Meeting",George,Cardenas,alderman,35,"CITY COUNCIL / ALDERMEN",5980,2012-08-29
213,2012-01-01,2012-06-30,"Invitation for breakfast at Chamber Annual Meeting",Marty,Quinn,alderman,35,"CITY COUNCIL / ALDERMEN",5980,2012-08-29
214,2012-01-01,2012-06-30,"Invitation for breakfast at Chamber Annual Meeting",Edward,Burke,alderman,35,"CITY COUNCIL / ALDERMEN",5980,2012-08-29
215,2012-01-01,2012-06-30,"Invitation for breakfast at Chamber Annual Meeting",Toni,Foulkes,alderman,35,"CITY COUNCIL / ALDERMEN",5980,2012-08-29
216,2012-01-01,2012-06-30,"Invitation for breakfast at Chamber Annual Meeting",JoAnn,Thompson,alderman,35,"CITY COUNCIL / ALDERMEN",5980,2012-08-29
217,2012-01-01,2012-06-30,"Invitation for breakfast at Chamber Annual Meeting",Latasha,Thomas,alderman,35,"CITY COUNCIL / ALDERMEN",5980,2012-08-29
218,2012-01-01,2012-06-30,"Invitation for breakfast at Chamber Annual Meeting",Lona,Lane,alderman,35,"CITY COUNCIL / ALDERMEN",5980,2012-08-29
219,2012-01-01,2012-06-30,"Invitation for breakfast at Chamber Annual Meeting",Matthew,O'Shea,alderman,35,"CITY COUNCIL / ALDERMEN",5980,2012-08-29
220,2012-01-01,2012-06-30,"Invitation for breakfast at Chamber Annual Meeting",Howard,"Brookins, Jr",alderman,35,"CITY COUNCIL / ALDERMEN",5980,2012-08-29
221,2012-01-01,2012-06-30,"Invitation for breakfast at Chamber Annual Meeting",Ricardo,Munoz,alderman,35,"CITY COUNCIL / ALDERMEN",5980,2012-08-29
222,2012-01-01,2012-06-30,"Invitation for breakfast at Chamber Annual Meeting",Michael,Zalewski,alderman,35,"CITY COUNCIL / ALDERMEN",5980,2012-08-29
223,2012-01-01,2012-06-30,"Invitation for breakfast at Chamber Annual Meeting",Michael,Chandler,alderman,35,"CITY COUNCIL / ALDERMEN",5980,2012-08-29
224,2012-01-01,2012-06-30,"Invitation for breakfast at Chamber Annual Meeting",Daniel,Solis,alderman,35,"CITY COUNCIL / ALDERMEN",5980,2012-08-29
225,2012-01-01,2012-06-30,"Invitation for breakfast at Chamber Annual Meeting",Roberto,Maldonado,alderman,35,"CITY COUNCIL / ALDERMEN",5980,2012-08-29
226,2012-01-01,2012-06-30,"Invitation for breakfast at Chamber Annual Meeting",Walter,"Burnett, Jr",alderman,35,"CITY COUNCIL / ALDERMEN",5980,2012-08-29
227,2012-01-01,2012-06-30,"Invitation for breakfast at Chamber Annual Meeting",Jason,Ervin,alderman,35,"CITY COUNCIL / ALDERMEN",5980,2012-08-29
228,2012-01-01,2012-06-30,"Invitation for breakfast at Chamber Annual Meeting",Deborah,Graham,alderman,35,"CITY COUNCIL / ALDERMEN",5980,2012-08-29
229,2012-01-01,2012-06-30,"Invitation for breakfast at Chamber Annual Meeting",Ariel,Reboyras,alderman,35,"CITY COUNCIL / ALDERMEN",5980,2012-08-29
230,2012-01-01,2012-06-30,"Invitation for breakfast at Chamber Annual Meeting",Ray,Suarez,alderman,35,"CITY COUNCIL / ALDERMEN",5980,2012-08-29
231,2012-01-01,2012-06-30,"Invitation for breakfast at Chamber Annual Meeting",Scott,Waguespack,alderman,35,"CITY COUNCIL / ALDERMEN",5980,2012-08-29
232,2012-01-01,2012-06-30,"Invitation for breakfast at Chamber Annual Meeting",Richard,Mell,alderman,35,"CITY COUNCIL / ALDERMEN",5980,2012-08-29
233,2012-01-01,2012-06-30,"Invitation for breakfast at Chamber Annual Meeting",Carrie,Austin,alderman,35,"CITY COUNCIL / ALDERMEN",5980,2012-08-29
234,2012-01-01,2012-06-30,"Invitation for breakfast at Chamber Annual Meeting",Rey,Colon,alderman,35,"CITY COUNCIL / ALDERMEN",5980,2012-08-29
235,2012-01-01,2012-06-30,"Invitation for breakfast at Chamber Annual Meeting",Nicholas,Sposato,alderman,35,"CITY COUNCIL / ALDERMEN",5980,2012-08-29
236,2012-01-01,2012-06-30,"Invitation for breakfast at Chamber Annual Meeting",Emma,Mitts,alderman,35,"CITY COUNCIL / ALDERMEN",5980,2012-08-29
237,2012-01-01,2012-06-30,"Invitation for breakfast at Chamber Annual Meeting",Timothy,Cullerton,alderman,35,"CITY COUNCIL / ALDERMEN",5980,2012-08-29
238,2012-01-01,2012-06-30,"Invitation for breakfast at Chamber Annual Meeting",Margaret,Laurino,alderman,35,"CITY COUNCIL / ALDERMEN",5980,2012-08-29
239,2012-01-01,2012-06-30,"Invitation for breakfast at Chamber Annual Meeting",Partick,O'Connor,alderman,35,"CITY COUNCIL / ALDERMEN",5980,2012-08-29
240,2012-01-01,2012-06-30,"Invitation for breakfast at Chamber Annual Meeting",Mary,O'Connor,alderman,35,"CITY COUNCIL / ALDERMEN",5980,2012-08-29
241,2012-01-01,2012-06-30,"Invitation for breakfast at Chamber Annual Meeting",Brendan,Reilly,alderman,35,"CITY COUNCIL / ALDERMEN",5980,2012-08-29
242,2012-01-01,2012-06-30,"Invitation for breakfast at Chamber Annual Meeting",Michele,Smith,alderman,35,"CITY COUNCIL / ALDERMEN",5980,2012-08-29
243,2012-01-01,2012-06-30,"Invitation for breakfast at Chamber Annual Meeting",Thomas,Tunney,alderman,35,"CITY COUNCIL / ALDERMEN",5980,2012-08-29
244,2012-01-01,2012-06-30,"Invitation for breakfast at Chamber Annual Meeting",John,Arena,alderman,35,"CITY COUNCIL / ALDERMEN",5980,2012-08-29
245,2012-01-01,2012-06-30,"Invitation for breakfast at Chamber Annual Meeting",James,Cappleman,alderman,35,"CITY COUNCIL / ALDERMEN",5980,2012-08-29
246,2012-01-01,2012-06-30,"Invitation for breakfast at Chamber Annual Meeting",Ameya,Pawar,alderman,35,"CITY COUNCIL / ALDERMEN",5980,2012-08-29
247,2012-01-01,2012-06-30,"Invitation for breakfast at Chamber Annual Meeting",Harry,Oserman,alderman,35,"CITY COUNCIL / ALDERMEN",5980,2012-08-29
248,2012-01-01,2012-06-30,"Invitation for breakfast at Chamber Annual Meeting",Willie,Cochran,alderman,35,"CITY COUNCIL / ALDERMEN",5980,2012-08-29
249,2012-01-01,2012-06-30,"Invitation for breakfast at Chamber Annual Meeting",Joe,Moore,alderman,35,"CITY COUNCIL / ALDERMEN",5980,2012-08-29
250,2012-01-01,2012-06-30,"Invitation for breakfast at Chamber Annual Meeting",Debra,Silverstein,alderman,35,"CITY COUNCIL / ALDERMEN",5980,2012-08-29
251,2012-01-01,2012-06-30,"Invitation for breakfast at Chamber Annual Meeting",Rosemarie,Adnolino,commissioner,35,AVIATION,5980,2012-08-29
252,2012-01-01,2012-06-30,"Invitation for breakfast at Chamber Annual Meeting",Michael,Merchant,commissioner,35,BUILDINGS,5980,2012-08-29
253,2012-01-01,2012-06-30,"Invitation for breakfast at Chamber Annual Meeting",Rosemary,Krimbel,commissioner,35,"BUSINESS AFFAIRS AND CONSUMER PROTECTION (BACP)",5980,2012-08-29
254,2012-01-01,2012-06-30,"Invitation for breakfast at Chamber Annual Meeting",Andrew,Mooney,commissioner,35,"HOUSING AND ECONOMIC DEVELOPMENT",5980,2012-08-29
255,2012-01-01,2012-06-30,"Invitation for breakfast at Chamber Annual Meeting",Gabe,Klein,commissioner,35,TRANSPORTATION,5980,2012-08-29
256,2012-01-01,2012-06-30,"Invitation for breakfast at Chamber Annual Meeting",Theresa,Mintle,"Chief of Staff",35,"MAYORS OFFICE",5980,2012-08-29
257,2012-01-01,2012-06-30,"Invitation for breakfast at Chamber Annual Meeting",Matt,Hynes,director,35,"MAYORS OFFICE",5980,2012-08-29
258,2012-01-01,2012-06-30,"Invitation for breakfast at Chamber Annual Meeting",Farzin,Parang,staff,35,"MAYORS OFFICE",5980,2012-08-29
259,2012-01-01,2012-06-30,"Invitation for breakfast at Chamber Annual Meeting",Maria,Guerra,staff,35,"MAYORS OFFICE",5980,2012-08-29
260,2012-01-01,2012-06-30,"Invitation for breakfast at Chamber Annual Meeting",Sean,Rapelya,staff,35,"MAYORS OFFICE",5980,2012-08-29
261,2012-01-01,2012-06-30,"Invitation for breakfast at Chamber Annual Meeting",Robert,"Johnson Jr",staff,35,"MAYORS OFFICE",5980,2012-08-29
262,2012-01-01,2012-06-30,"Invitation for breakfast at Chamber Annual Meeting",Lois,Scott,CFO,35,"MAYORS OFFICE",5980,2012-08-29
263,2012-01-01,2012-06-30,"Invitation for breakfast at Chamber Annual Meeting",Tom,Powers,commissioner,35,"WATER MANAGEMENT",5980,2012-08-29
264,2012-01-01,2012-06-30,"Invitation for breakfast at Chamber Annual Meeting",Tom,Byrne,Commissioner,35,"STREETS & SANITATION",5980,2012-08-29
265,2012-01-01,2012-06-30,"Invitation for breakfast at Chamber Annual Meeting",Bechara,Choucair,commissioner,35,"HEALTH DEPARTMENT",5980,2012-08-29
266,2012-01-01,2012-06-30,"Invitation for breakfast at Chamber Annual Meeting",David,Spielfogel,"chief of policy and strategic planning",35,"MAYORS OFFICE",5980,2012-08-29
267,2012-01-01,2012-06-30,"Invitation for breakfast at Chamber Annual Meeting",Gary,McCarthy,commissioner,35,"POLICE DEPARTMENT",5980,2012-08-29
268,2012-01-01,2012-06-30,"Invitation for breakfast at Chamber Annual Meeting",Mark,Angelson,"dputy mayor",35,"MAYORS OFFICE",5980,2012-08-29
269,2012-01-01,2012-06-30,lunch,Will,Burns,alderman,20,"CITY COUNCIL / ALDERMEN",5717,2012-08-29
281,2012-01-01,2012-06-30,chocolates,Sylvia,Tienda,Commander,12,"FIRE DEPARTMENT",6077,2012-09-11
282,2012-01-01,2012-06-30,lunch,Sheree,Jones,employee,12,"POLICE DEPARTMENT",6077,2012-09-11
283,2012-01-01,2012-06-30,lunch,Marie,Ewing,employee,12,"POLICE DEPARTMENT",6077,2012-09-11
284,2012-01-01,2012-06-30,lunch,Cheryl,Tomaszenski,employee,12,"FIRE DEPARTMENT",6077,2012-09-11
285,2012-01-01,2012-06-30,lunch,Edgar,Ignacio,employee,12,"FIRE DEPARTMENT",6077,2012-09-11
286,2012-01-01,2012-06-30,lunch,Rula,McCarthy,employee,12,"FIRE DEPARTMENT",6077,2012-09-11
287,2012-01-01,2012-06-30,lunch,Hugh,Russell,Dr.,12,"FIRE DEPARTMENT",6077,2012-09-11
288,2012-01-01,2012-06-30,lunch,Elizabeth,Horton-Newkirk,employee,12,"FIRE DEPARTMENT",6077,2012-09-11
301,2012-01-01,2012-06-30,"Charitable Dinner - Mt. Sinai",Jason,Ervin,Alderman,50,"CITY COUNCIL / ALDERMEN",5613,2012-09-18
321,2012-01-01,2012-06-30,lunch,Jacob,Stern,"Exec. Asst",10,FINANCE,9205,2012-09-27
322,2012-01-01,2012-06-30,lunch,Lois,Scott,CFO,10,FINANCE,9205,2012-09-27
323,2012-01-01,2012-06-30,lunch,Jeremy,Fine,"Dep. Comptroller",10,FINANCE,9205,2012-09-27
324,2012-01-01,2012-06-30,lunch,Amer,Ahmad,Comptroller,10,FINANCE,9205,2012-09-27
325,2012-01-01,2012-06-30,lunch,Sheree,Jones,employee,12,"POLICE DEPARTMENT",9219,2012-09-27
326,2012-01-01,2012-06-30,lunch,Rula,McCarthy,employee,12,"FIRE DEPARTMENT",9219,2012-09-27
327,2012-01-01,2012-06-30,chocolates,Sylvia,Tienda,Commander,12,"FIRE DEPARTMENT",9219,2012-09-27
328,2012-01-01,2012-06-30,lunch,Marie,Ewing,employee,12,"POLICE DEPARTMENT",9219,2012-09-27
329,2012-01-01,2012-06-30,lunch,Cheryl,Tomaszenski,employee,12,"FIRE DEPARTMENT",9219,2012-09-27
330,2012-01-01,2012-06-30,lunch,Elizabeth,Horton-Newkirk,employee,12,"FIRE DEPARTMENT",9219,2012-09-27
331,2012-01-01,2012-06-30,lunch,Edgar,Ignacio,employee,12,"FIRE DEPARTMENT",9219,2012-09-27
332,2012-01-01,2012-06-30,lunch,Hugh,Russell,Dr.,12,"FIRE DEPARTMENT",9219,2012-09-27
333,2012-01-01,2012-06-30,"water bottle at conference",Lois,Scott,CFO,4,FINANCE,9292,2012-09-27
334,2012-01-01,2012-06-30,Breakfast,Patrick,O'Connor,Alderman,24,"CITY COUNCIL / ALDERMEN",9307,2012-09-27
335,2012-01-01,2012-06-30,breakfast,Timothy,Cullerton,Alderman,24,"CITY COUNCIL / ALDERMEN",9307,2012-09-27
336,2012-01-01,2012-06-30,Breakfast,Mary,O'Connor,Alderman,24,"CITY COUNCIL / ALDERMEN",9307,2012-09-27
337,2012-01-01,2012-06-30,breakfast,Brendan,Reilly,Alderman,24,"CITY COUNCIL / ALDERMEN",9307,2012-09-27
338,2012-01-01,2012-06-30,breakfast,Howard,Brookins,Alderman,24,"CITY COUNCIL / ALDERMEN",9307,2012-09-27
342,2012-07-01,2012-09-30,n/a,n/a,None,n/a,0,AVIATION,5739,2012-10-01
361,2012-07-01,2012-09-30,Lunch,Timothy,Cullerton,Alderman,34,"CITY COUNCIL / ALDERMEN",9307,2012-10-03
362,2012-07-01,2012-09-30,0,Matthew,Stewart,Supervisor,0,"FLEET & FACILITY MANAGEMENT",7733,2012-10-03
381,2012-07-01,2012-09-30,None,None,None,None,0,"311 CITY SERVICES",6013,2012-10-10
382,2012-07-01,2012-09-30,0,Steven,Ginsberg,Member,0,AVIATION,5761,2012-10-10
383,2012-07-01,2012-09-30,0,Steven,Ginsberg,Member,0,"CHICAGO PUBLIC SCHOOLS",5761,2012-10-10
384,2012-07-01,2012-09-30,0,Steven,Ginsberg,Member,0,"CHICAGO TRANSIT AUTHORITY (CTA)",5761,2012-10-10
385,2012-07-01,2012-09-30,0,Steven,Ginsberg,Member,0,"PARK DISTRICT",5761,2012-10-10
386,2012-07-01,2012-09-30,Flowers,Rachelle,Hendele,"Program Manager",50,"INNOVATION & TECHNOLOGY",9341,2012-10-10
441,2012-07-01,2012-09-30,"Attendee at Loop Capital Markets 15th Anniversary Open House",Jason,Ervin,Ald.,40,"CITY COUNCIL / ALDERMEN",5613,2012-10-12
442,2012-07-01,2012-09-30,"Attendee at Loop Capital Markets 15th Anniversary Open House",Mike,Fehlman,Mr.,40,"CITY TREASURER",5613,2012-10-12
443,2012-07-01,2012-09-30,"Attendee at Loop Capital Markets 15th Anniversary Open House",Lois,Scott,Ms.,40,"MAYORS OFFICE",9561,2012-10-12
445,2012-07-01,2012-09-30,"Attendee at Loop Capital Markets 15th Anniversary Open House",Felicia,Davis,Ms.,40,"MAYORS OFFICE",9562,2012-10-12
446,2012-07-01,2012-09-30,"Attendee at Loop Capital Markets 15th Anniversary Open House",Pamela,Jergensen,Ms.,40,"CHICAGO PUBLIC SCHOOLS",9562,2012-10-12
447,2012-07-01,2012-09-30,"Attendee at Loop Capital Markets 15th Anniversary Open House",Mark,Myslinski,Mr.,40,"CITY TREASURER",9562,2012-10-12
448,2012-07-01,2012-09-30,"Attendee at Loop Capital Markets 15th Anniversary Open House",Melanie,Shaker,Ms.,40,"CHICAGO PUBLIC SCHOOLS",9562,2012-10-12
449,2012-07-01,2012-09-30,"Attendee at Loop Capital Markets 15th Anniversary Open House",Rahm,Emanuel,Mayor,40,"MAYORS OFFICE",9562,2012-10-12
450,2012-07-01,2012-09-30,"Attendee at Loop Capital Markets 15th Anniversary Open House",Danielle,Mostert,Ms.,40,"CITY TREASURER",9562,2012-10-12
461,2012-07-01,2012-09-30,none,David,Wiegers,"District Manager",0,"WATER MANAGEMENT",6881,2012-10-14
481,2012-01-01,2012-06-30,lunch,Jeremy,Fine,"Dep. Comptroller",10,FINANCE,9588,2012-10-15
482,2012-01-01,2012-06-30,lunch,Jacob,Stern,"Exec. Asst",10,FINANCE,9588,2012-10-15
483,2012-01-01,2012-06-30,lunch,Lois,Scott,CFO,10,FINANCE,9588,2012-10-15
484,2012-01-01,2012-06-30,lunch,Amer,Ahmad,Comptroller,10,FINANCE,9588,2012-10-15
501,2012-07-01,2012-09-30,xxx,xxx,xx,x,0,"ADMINISTRATIVE HEARINGS",9584,2012-10-18
502,2012-07-01,2012-09-30,xxx,xxx,xx,x,0,"ADMINISTRATIVE HEARINGS",9584,2012-10-18
541,2012-07-01,2012-09-30,None,None,None,None,0,"MAYORS OFFICE",5997,2012-10-20
581,2012-07-01,2012-09-30,Candy,Edgar,Ignacio,"Chief of Medical",10,"FIRE DEPARTMENT",9219,2012-10-30
582,2012-07-01,2012-09-30,meal/snack,Anthony,Beale,alderman,13,"CITY COUNCIL / ALDERMEN",6123,2012-10-30
583,2012-07-01,2012-09-30,"meal / snack",Deborah,Graham,alderman,13,"CITY COUNCIL / ALDERMEN",6123,2012-10-30
601,2012-07-01,2012-09-30,None,None,None,None,0,"WORLD BUSINESS CHICAGO",5703,2012-10-31
621,2012-07-01,2012-09-30,NONE,Amy,Malick,"Deputy Commissioner",0,AVIATION,7024,2012-11-04
721,2012-01-01,2012-06-30,0,0,0,0,0,"O'HARE MODERNIZATION PROJECT",9958,2012-11-09
722,2012-01-01,2012-06-30,0,0,0,0,0,"O'HARE MODERNIZATION PROJECT",9959,2012-11-09
781,2012-10-01,2012-12-31,None,None,None,None,0,"LAW DEPARTMENT",9195,2013-01-02
801,2012-10-01,2012-12-31,na,na,na,na,0,"311 CITY SERVICES",9182,2013-01-04
822,2012-10-01,2012-12-31,"wrist watch",Ray,Suarez,Alderman,10,"CITY COUNCIL / ALDERMEN",9948,2013-01-07
841,2012-10-01,2012-12-31,N/A,Lois,Scott,CFO,0,FINANCE,9183,2013-01-09
861,2012-10-01,2012-12-31,"holiday plant",Treasurer,Office,none,116,"CITY TREASURER",9948,2013-01-10
902,2012-10-01,2012-12-31,"Frango Chocolates",Andrew,Mooney,Commissioner,21,"HOUSING AND ECONOMIC DEVELOPMENT",6120,2013-01-14
903,2012-10-01,2012-12-31,"Frango Chocolates",Michelle,Boone,Commissioner,21,"CULTURAL AFFAIRS & SPECIAL EVENTS",6120,2013-01-14
904,2012-10-01,2012-12-31,none,Gabrielle,Brussel,none,0,"MAYORS OFFICE",9765,2013-01-14
905,2012-10-01,2012-12-31,Lunch,Will,Burns,Alderman,18,"CITY COUNCIL / ALDERMEN",10282,2013-01-14
927,2012-10-01,2012-12-31,"Gift Basket",Michelle,Nolan,Ms.,46,"HOUSING AND ECONOMIC DEVELOPMENT",6981,2013-01-14
928,2012-10-01,2012-12-31,"Gift Basket",Bill,Povala,Mr.,46,"HOUSING AND ECONOMIC DEVELOPMENT",6981,2013-01-14
929,2012-10-01,2012-12-31,"Gift Basket",Barbara,Taylor,Ms.,46,"HOUSING AND ECONOMIC DEVELOPMENT",6981,2013-01-14
930,2012-10-01,2012-12-31,"Gift Basket",Jessica,Duarte,Ms.,46,"HOUSING AND ECONOMIC DEVELOPMENT",6981,2013-01-14
931,2012-10-01,2012-12-31,"Gift Basket",Lona,Lane,Alderman,46,"CITY COUNCIL / ALDERMEN",6982,2013-01-14
932,2012-10-01,2012-12-31,"Gift Basket",Anna,Booth,Ms.,46,"HOUSING AND ECONOMIC DEVELOPMENT",6982,2013-01-14
933,2012-10-01,2012-12-31,"Gift Basket",Tamra,Collins,Ms.,46,"HOUSING AND ECONOMIC DEVELOPMENT",6982,2013-01-14
934,2012-10-01,2012-12-31,"Gift Basket",Ed,Ellis,Mr.,46,"HOUSING AND ECONOMIC DEVELOPMENT",6982,2013-01-14
935,2012-10-01,2012-12-31,"Gift Basket",Susan,Leske,Ms.,46,"HOUSING AND ECONOMIC DEVELOPMENT",6982,2013-01-14
936,2012-10-01,2012-12-31,"Gift Basket",Walter,Burnett,Alderman,46,"CITY COUNCIL / ALDERMEN",6982,2013-01-14
939,2012-10-01,2012-12-31,"Gift Basket",Lawrence,Grisham,Mr,46,"HOUSING AND ECONOMIC DEVELOPMENT",5872,2013-01-14
940,2012-10-01,2012-12-31,"Gift Basket",Chip,Hastings,Mr,46,"HOUSING AND ECONOMIC DEVELOPMENT",5872,2013-01-14
941,2012-10-01,2012-12-31,"Gift Basket",Claire,Leary,Ms.,46,"HOUSING AND ECONOMIC DEVELOPMENT",5872,2013-01-14
942,2012-10-01,2012-12-31,"Gift Basket",Kari,Saba,Ms.,46,"CHICAGO HOUSING AUTHORITY",5872,2013-01-14
943,2012-10-01,2012-12-31,"Gift Basket",Traci,Sanchez,Ms.,46,"HOUSING AND ECONOMIC DEVELOPMENT",5872,2013-01-14
961,2012-10-01,2012-12-31,Brownies,John,Gerut,Mr.,31,"CHICAGO HOUSING AUTHORITY",5872,2013-01-15
962,2012-10-01,2012-12-31,Brownies,Don,Oshita,Mr.,31,"CHICAGO HOUSING AUTHORITY",5872,2013-01-15
963,2012-10-01,2012-12-31,Brownies,George,Cronvich,Mr.,31,"CHICAGO HOUSING AUTHORITY",5872,2013-01-15
964,2012-10-01,2012-12-31,none,none,none,none,0,"MAYORS OFFICE",9209,2013-01-15
981,2012-10-01,2012-12-31,0,Thomas,Coffey,CEO,0,"CITY COUNCIL / ALDERMEN",9955,2013-01-15
1026,2012-10-01,2012-12-31,lunch,John,Arena,Alderman,25,"CITY COUNCIL / ALDERMEN",10101,2013-01-16
1027,2012-10-01,2012-12-31,lunch,Nicholas,Sposato,alderman,25,"CITY COUNCIL / ALDERMEN",10101,2013-01-16
1028,2012-10-01,2012-12-31,lunch,Robert,Fioretti,alderman,25,"CITY COUNCIL / ALDERMEN",10101,2013-01-16
1029,2012-10-01,2012-12-31,lunch,Scott,Waguespack,alderman,25,"CITY COUNCIL / ALDERMEN",10101,2013-01-16
1030,2012-10-01,2012-12-31,lunch,Roderick,Sawyer,alderman,25,"CITY COUNCIL / ALDERMEN",10101,2013-01-16
1041,2012-10-01,2012-12-31,none,Bernard,Parisot,none,0,"CITY COUNCIL / ALDERMEN",9266,2013-01-17
1044,2012-10-01,2012-12-31,Lunch,Timothy,Cullerton,Alderman,18,"CITY COUNCIL / ALDERMEN",5778,2013-01-17
1045,2012-10-01,2012-12-31,Lunch,Roberto,Maldonado,Alderman,18,"CITY COUNCIL / ALDERMEN",5778,2013-01-17
1046,2012-10-01,2012-12-31,Lunch,Regner,Suarez,Alderman,18,"CITY COUNCIL / ALDERMEN",5778,2013-01-17
1047,2012-10-01,2012-12-31,Lunch,Michael,Zalewski,Alderman,18,"CITY COUNCIL / ALDERMEN",5778,2013-01-17
1048,2012-10-01,2012-12-31,Lunch,Mary,O'Connor,Alderman,18,"CITY COUNCIL / ALDERMEN",5778,2013-01-17
1049,2012-10-01,2012-12-31,"Bank of America Marathon Baseball Cap",James,Balcer,Alderman,13,"CITY COUNCIL / ALDERMEN",5929,2013-01-17
1050,2012-10-01,2012-12-31,"Bank of America Marathon Baseball Cap",Rahm,Emanuel,Mayor,13,"MAYORS OFFICE",5929,2013-01-17
1052,2012-10-01,2012-12-31,none,Pablo,Brezman,none,0,TRANSPORTATION,9187,2013-01-17
1061,2012-10-01,2012-12-31,Gift,Walter,Burnett,Alderman,30,"CITY COUNCIL / ALDERMEN",8482,2013-01-18
1063,2012-10-01,2012-12-31,Lunch,Ariel,Reboyras,Alderman,29,"CITY COUNCIL / ALDERMEN",9307,2013-01-18
1081,2012-10-01,2012-12-31,none,Morgan,Bassey,President/CEO,0,FINANCE,7901,2013-01-19
1082,2012-10-01,2012-12-31,none,Lars,Skugstad,none,0,"MAYORS OFFICE",9914,2013-01-19
1083,2012-10-01,2012-12-31,0,Kate,Gebo,"VP Corporate Real Estate",0,"LAW DEPARTMENT",9347,2013-01-21
1084,2012-10-01,2012-12-31,0,Kate,Gebo,"VP Corporate Real Estate",0,"HOUSING AND ECONOMIC DEVELOPMENT",9347,2013-01-21
1085,2012-10-01,2012-12-31,0,Kate,Gebo,"VP Corporate Real Estate",0,"O'HARE MODERNIZATION PROJECT",9347,2013-01-21
1086,2012-10-01,2012-12-31,0,Nathan,Lopp,"MD Corporate Real Estate",0,"O'HARE MODERNIZATION PROJECT",9344,2013-01-21
1087,2012-10-01,2012-12-31,0,Nathan,Lopp,"MD Corporate Real Estate",0,"LAW DEPARTMENT",9344,2013-01-21
1088,2012-10-01,2012-12-31,0,Nathan,Lopp,"MD Corporate Real Estate",0,"HOUSING AND ECONOMIC DEVELOPMENT",9344,2013-01-21
1089,2012-10-01,2012-12-31,0,Nathan,Lopp,"MD Corporate Real Estate",0,"O'HARE MODERNIZATION PROJECT",9344,2013-01-21
1090,2012-10-01,2012-12-31,0,Nathan,Lopp,"MD Corporate Real Estate",0,"LAW DEPARTMENT",9344,2013-01-21
1091,2012-10-01,2012-12-31,0,Nathan,Lopp,"MD Corporate Real Estate",0,"HOUSING AND ECONOMIC DEVELOPMENT",9344,2013-01-21
1092,2012-10-01,2012-12-31,0,Sandra,Widerborg,"Director Corporate Real Estate",0,"O'HARE MODERNIZATION PROJECT",9345,2013-01-21
1093,2012-10-01,2012-12-31,0,Sandra,Widerborg,"Director Corporate Real Estate",0,"LAW DEPARTMENT",9345,2013-01-21
1094,2012-10-01,2012-12-31,0,Sandra,Widerborg,"Director Corporate Real Estate",0,"HOUSING AND ECONOMIC DEVELOPMENT",9345,2013-01-21
1095,2012-10-01,2012-12-31,None,Gifts,No,Given,0,"BOARD OF EDUCATION",5761,2013-01-21
1096,2012-10-01,2012-12-31,0,None,None,None,0,AVIATION,6090,2013-01-22
1097,2012-10-01,2012-12-31,0.00,N/A,N/A,N/A,0,"BOARD OF ETHICS",9240,2013-01-22
1100,2012-10-01,2012-12-31,dinner,Stephanie,Neely,Treasurer,20,"CITY TREASURER",8750,2013-01-23
1101,2012-10-01,2012-12-31,candy,Carl,Erickson,"Adm. Asst",12,"CITY COUNCIL / ALDERMEN",6051,2013-01-29
1102,2012-10-01,2012-12-31,candy,Edith,Stinson,"Staff Asst",12,FINANCE,6051,2013-01-29
1103,2012-10-01,2012-12-31,cookies,Gregory,steadman,"legal counsel",15,"BUSINESS AFFAIRS AND CONSUMER PROTECTION (BACP)",6051,2013-01-29
1121,2012-10-01,2012-12-31,meal,Brendan,Reilly,Alderman,50,"CITY COUNCIL / ALDERMEN",5757,2013-01-30
1122,2012-10-01,2012-12-31,meal,Tim,Cullerton,alderman,15,"CITY COUNCIL / ALDERMEN",5757,2013-01-30
1123,2012-10-01,2012-12-31,cookies,Andrew,Mooney,Commissioner,45,"HOUSING AND ECONOMIC DEVELOPMENT",8124,2013-01-30
1124,2012-10-01,2012-12-31,cookies,Kathleen,Dickhut,"Dep. Comm",35,"HOUSING AND ECONOMIC DEVELOPMENT",8124,2013-01-30
1125,2012-10-01,2012-12-31,cookies,Jeremy,Fine,"Asst Compt",35,FINANCE,8124,2013-01-30
1126,2012-10-01,2012-12-31,cookies,Tracy,Sanchez,"Asst. Treasurer",35,"HOUSING AND ECONOMIC DEVELOPMENT",8124,2013-01-30
1127,2012-10-01,2012-12-31,cookie,Edward,Wong,"Dep. Corp Counsel",35,"LAW DEPARTMENT",8124,2013-01-30
1141,2012-10-01,2012-12-31,--------,------------,---------,------------,0,"FLEET & FACILITY MANAGEMENT",5877,2013-01-31
1161,2012-10-01,2012-12-31,cookies,Tracy,Sanchez,"Asst. Treasurer",35,"HOUSING AND ECONOMIC DEVELOPMENT",11806,2013-02-11
1162,2012-10-01,2012-12-31,cookies,Kathleen,Dickhut,"Dep. Comm",35,"HOUSING AND ECONOMIC DEVELOPMENT",11806,2013-02-11
1163,2012-10-01,2012-12-31,cookies,Jeremy,Fine,"Asst Compt",35,FINANCE,11806,2013-02-11
1164,2012-10-01,2012-12-31,cookie,Edward,Wong,"Dep. Corp Counsel",35,"LAW DEPARTMENT",11806,2013-02-11
1165,2012-10-01,2012-12-31,cookies,Andrew,Mooney,Commissioner,45,"HOUSING AND ECONOMIC DEVELOPMENT",11806,2013-02-11
1166,2012-10-01,2012-12-31,"275 AT&T pens",Michelle,"City via Ald. Smith",alderman,481,"CITY COUNCIL / ALDERMEN",5547,2013-02-13
1167,2012-10-01,2012-12-31,book,Ed,Burke,Alderman,25,"CITY COUNCIL / ALDERMEN",11828,2013-02-13
1168,2012-10-01,2012-12-31,none,N/A,N/A,N/A,0,AVIATION,5739,2013-02-14
1183,2013-01-01,2013-03-31,.0,Matt,Stewart,Mr,0,TRANSPORTATION,10874,2013-04-01
1184,2013-01-01,2013-03-31,N/A,Charlotte,Knight-Marshall,Principal,0,FINANCE,11642,2013-04-01
1201,2013-01-01,2013-03-31,0,Courtney,Knight,MD,0,"BOARD OF ETHICS",11373,2013-04-02
1221,2013-01-01,2013-03-31,none,Stephen,Halvorsen,"Vice President",0,FINANCE,11762,2013-04-06
1241,2013-01-01,2013-03-31,NONE,Morgan,Bassey,President/CEO,0,FINANCE,7901,2013-04-11
1261,2013-01-01,2013-03-31,Breakfast,Ira,SIlverstein,Alderman,25,"CITY COUNCIL / ALDERMEN",11224,2013-04-12
1262,2013-01-01,2013-03-31,Breakfast,Mary,O'Connor,Alderman,25,"CITY COUNCIL / ALDERMEN",11224,2013-04-12
1263,2013-01-01,2013-03-31,Breakfast,Harry,Osterman,Alderman,25,"CITY COUNCIL / ALDERMEN",11224,2013-04-12
1264,2013-01-01,2013-03-31,Breakfast,Margaret,Laurino,Alderman,25,"CITY COUNCIL / ALDERMEN",11227,2013-04-12
1265,2013-01-01,2013-03-31,Breakfast,Joe,Moore,Alderman,25,"CITY COUNCIL / ALDERMEN",11227,2013-04-12
1266,2013-01-01,2013-03-31,Lunch,Michael,Zalewski,Alderman,29,"CITY COUNCIL / ALDERMEN",11227,2013-04-12
1301,2013-01-01,2013-03-31,0,Steven,Ginsberg,Attorney,0,"CHICAGO PUBLIC SCHOOLS",11275,2013-04-16
1302,2013-01-01,2013-03-31,0,Steven,Ginsberg,Attorney,0,"CHICAGO TRANSIT AUTHORITY (CTA)",11275,2013-04-16
1303,2013-01-01,2013-03-31,0,Steven,Ginsberg,Attorney,0,"PARK DISTRICT",11275,2013-04-16
1321,2013-01-01,2013-03-31,none,Pablo,Brezman,none,0,"MAYORS OFFICE",11319,2013-04-19
1361,2013-01-01,2013-03-31,none,Mendoza,Kevin,none,0,"MAYORS OFFICE",12801,2013-04-22
1362,2013-01-01,2013-03-31,none,none,none,none,0,"ADMINISTRATIVE HEARINGS",11372,2013-04-22
1381,2013-01-01,2013-03-31,0,Jody,Joy,Sales,0,"FIRE DEPARTMENT",11402,2013-04-29
1382,2013-01-01,2013-03-31,none,none,none,none,0,AVIATION,11711,2013-04-29
1401,2013-04-01,2013-06-30,0.00,Jody,Joy,"Sales Rep",0,"FIRE DEPARTMENT",11402,2013-06-28
1421,2013-04-01,2013-06-30,None,Matt,Stewart,Supr,0,"STREETS & SANITATION",10874,2013-06-28
1461,2013-04-01,2013-06-30,None,None,None,None,0,BUILDINGS,11657,2013-07-02
1481,2013-04-01,2013-06-30,0,n/a,n/a,n/a,0,"CHICAGO TRANSIT AUTHORITY (CTA)",11275,2013-07-06
1482,2013-04-01,2013-06-30,0,n/a,n/a,n/a,0,"PARK DISTRICT",11275,2013-07-06
1483,2013-04-01,2013-06-30,0,n/a,n/a,n/a,0,"CHICAGO PUBLIC SCHOOLS",11275,2013-07-06
1484,2013-04-01,2013-06-30,0,n/a,n/a,n/a,0,AVIATION,11275,2013-07-06
1502,2013-04-01,2013-06-30,NONE,N/A,N/A,N/A,0,FINANCE,11710,2013-07-08
1521,2013-04-01,2013-06-30,"Business Lunch",Michael,Negron,"Policy Staff",31,"MAYORS OFFICE",11332,2013-07-09
1522,2013-04-01,2013-06-30,"Breakfast Annual Meeting",Moreno,Proco,Alderman,43,"CITY COUNCIL / ALDERMEN",11281,2013-07-09
1523,2013-04-01,2013-06-30,"Breakfast Annual Meeting",Fioretti,Bob,Alderman,43,"CITY COUNCIL / ALDERMEN",11281,2013-07-09
1524,2013-04-01,2013-06-30,"Breakfast Annual Meeting",Dowell,Pat,Alderman,43,"CITY COUNCIL / ALDERMEN",11281,2013-07-09
1525,2013-04-01,2013-06-30,"Breakfast Annual Meeting",Burns,Will,Alderman,43,"CITY COUNCIL / ALDERMEN",11281,2013-07-09
1526,2013-04-01,2013-06-30,"Breakfast Annual Meeting",Hairston,Leslie,Alderman,43,"CITY COUNCIL / ALDERMEN",11281,2013-07-09
1527,2013-04-01,2013-06-30,"Breakfast Annual Meeting",Sawyer,Roderick,Alderman,43,"CITY COUNCIL / ALDERMEN",11281,2013-07-09
1528,2013-04-01,2013-06-30,"Breakfast Annual Meeting",Holmes,Natashia,Alderman,43,"CITY COUNCIL / ALDERMEN",11281,2013-07-09
1529,2013-04-01,2013-06-30,"Breakfast Annual Meeting",Harris,Michelle,Alderman,43,"CITY COUNCIL / ALDERMEN",11281,2013-07-09
1530,2013-04-01,2013-06-30,"Breakfast Annual Meeting",Beale,Anthony,Alderman,43,"CITY COUNCIL / ALDERMEN",11281,2013-07-09
1531,2013-04-01,2013-06-30,"Breakfast Annual Meeting",Pope,John,Alderman,43,"CITY COUNCIL / ALDERMEN",11281,2013-07-09
1532,2013-04-01,2013-06-30,"Breakfast Annual Meeting",Balcer,James,Alderman,43,"CITY COUNCIL / ALDERMEN",11281,2013-07-09
1533,2013-04-01,2013-06-30,"Breakfast Annual Meeting",Cardenas,George,Alderman,43,"CITY COUNCIL / ALDERMEN",11281,2013-07-09
1534,2013-04-01,2013-06-30,"Breakfast Annual Meeting",Quinn,Marty,Alderman,43,"CITY COUNCIL / ALDERMEN",11281,2013-07-09
1535,2013-04-01,2013-06-30,"Breakfast Annual Meeting",Burke,Ed,Alderman,43,"CITY COUNCIL / ALDERMEN",11281,2013-07-09
1536,2013-04-01,2013-06-30,"Breakfast Annual Meeting",Foulkes,Toni,Alderman,43,"CITY COUNCIL / ALDERMEN",11281,2013-07-09
1537,2013-04-01,2013-06-30,"Breakfast Annual Meeting",Thompson,Joann,Alderman,43,"CITY COUNCIL / ALDERMEN",11281,2013-07-09
1538,2013-04-01,2013-06-30,"Breakfast Annual Meeting",Thomas,Latasha,Alderman,43,"CITY COUNCIL / ALDERMEN",11281,2013-07-09
1539,2013-04-01,2013-06-30,"Breakfast Annual Meeting",Lane,Lona,Alderman,43,"CITY COUNCIL / ALDERMEN",11281,2013-07-09
1540,2013-04-01,2013-06-30,"Breakfast Annual Meeting",O'Shea,Matt,Alderman,43,"CITY COUNCIL / ALDERMEN",11281,2013-07-09
1541,2013-04-01,2013-06-30,"Breakfast Annual Meeting",Cochran,Willie,Alderman,43,"CITY COUNCIL / ALDERMEN",11281,2013-07-09
1542,2013-04-01,2013-06-30,"Breakfast Annual Meeting","Brookins, Jr.",Howard,Alderman,43,"CITY COUNCIL / ALDERMEN",11281,2013-07-09
1543,2013-04-01,2013-06-30,"Breakfast Annual Meeting",Munoz,Ricardo,Alderman,43,"CITY COUNCIL / ALDERMEN",11281,2013-07-09
1544,2013-04-01,2013-06-30,"Breakfast Annual Meeting",Zalewski,Michael,Alderman,43,"CITY COUNCIL / ALDERMEN",11281,2013-07-09
1545,2013-04-01,2013-06-30,"Breakfast Annual Meeting",Chandler,Michael,Alderman,43,"CITY COUNCIL / ALDERMEN",11281,2013-07-09
1546,2013-04-01,2013-06-30,"Breakfast Annual Meeting",Solis,Daniel,Alderman,43,"CITY COUNCIL / ALDERMEN",11281,2013-07-09
1547,2013-04-01,2013-06-30,"Breakfast Annual Meeting",Maldonado,Roberto,Alderman,43,"CITY COUNCIL / ALDERMEN",11281,2013-07-09
1548,2013-04-01,2013-06-30,"Breakfast Annual Meeting","Burnett, Jr.",Walter,Alderman,43,"CITY COUNCIL / ALDERMEN",11281,2013-07-09
1549,2013-04-01,2013-06-30,"Breakfast Annual Meeting",Ervin,Jason,Alderman,43,"CITY COUNCIL / ALDERMEN",11281,2013-07-09
1550,2013-04-01,2013-06-30,"Breakfast Annual Meeting",Graham,Deborah,Alderman,43,"CITY COUNCIL / ALDERMEN",11281,2013-07-09
1551,2013-04-01,2013-06-30,"Breakfast Annual Meeting",Reboyras,Ariel,Alderman,43,"CITY COUNCIL / ALDERMEN",11281,2013-07-09
1552,2013-04-01,2013-06-30,"Breakfast Annual Meeting",Suarez,Ray,Alderman,43,"CITY COUNCIL / ALDERMEN",11281,2013-07-09
1553,2013-04-01,2013-06-30,"Breakfast Annual Meeting",Waguespack,Scott,Alderman,43,"CITY COUNCIL / ALDERMEN",11281,2013-07-09
1554,2013-04-01,2013-06-30,"Breakfast Annual Meeting",Mell,Richard,Alderman,43,"CITY COUNCIL / ALDERMEN",11281,2013-07-09
1555,2013-04-01,2013-06-30,"Breakfast Annual Meeting",Austin,Carrie,Alderman,43,"CITY COUNCIL / ALDERMEN",11281,2013-07-09
1556,2013-04-01,2013-06-30,"Breakfast Annual Meeting",Colon,Rey,Alderman,43,"CITY COUNCIL / ALDERMEN",11281,2013-07-09
1557,2013-04-01,2013-06-30,"Breakfast Annual Meeting",Sposato,Nicholas,Alderman,43,"CITY COUNCIL / ALDERMEN",11281,2013-07-09
1558,2013-04-01,2013-06-30,"Breakfast Annual Meeting",Mitts,Emma,Alderman,43,"CITY COUNCIL / ALDERMEN",11281,2013-07-09
1559,2013-04-01,2013-06-30,"Breakfast Annual Meeting",Cullerton,Tim,Alderman,43,"CITY COUNCIL / ALDERMEN",11281,2013-07-09
1560,2013-04-01,2013-06-30,"Breakfast Annual Meeting",Laurino,Margaret,Alderman,43,"CITY COUNCIL / ALDERMEN",11281,2013-07-09
1561,2013-04-01,2013-06-30,"Breakfast Annual Meeting",O'Connor,Patrick,Alderman,43,"CITY COUNCIL / ALDERMEN",11281,2013-07-09
1562,2013-04-01,2013-06-30,"Breakfast Annual Meeting",O'Connor,Mary,Alderman,43,"CITY COUNCIL / ALDERMEN",11281,2013-07-09
1563,2013-04-01,2013-06-30,"Breakfast Annual Meeting",Reilly,Brendan,Alderman,43,"CITY COUNCIL / ALDERMEN",11281,2013-07-09
1564,2013-04-01,2013-06-30,"Breakfast Annual Meeting",Smith,Michelle,Alderman,43,"CITY COUNCIL / ALDERMEN",11281,2013-07-09
1565,2013-04-01,2013-06-30,"Breakfast Annual Meeting",Tunney,Tom,Alderman,43,"CITY COUNCIL / ALDERMEN",11281,2013-07-09
1566,2013-04-01,2013-06-30,"Breakfast Annual Meeting",Arena,John,Alderman,43,"CITY COUNCIL / ALDERMEN",11281,2013-07-09
1567,2013-04-01,2013-06-30,"Breakfast Annual Meeting",Cappleman,James,Alderman,43,"CITY COUNCIL / ALDERMEN",11281,2013-07-09
1568,2013-04-01,2013-06-30,"Breakfast Annual Meeting",Pawar,Ameya,Alderman,43,"CITY COUNCIL / ALDERMEN",11281,2013-07-09
1569,2013-04-01,2013-06-30,"Breakfast Annual Meeting",Osterman,Harry,Alderman,43,"CITY COUNCIL / ALDERMEN",11281,2013-07-09
1570,2013-04-01,2013-06-30,"Breakfast Annual Meeting",Moore,Joe,Alderman,43,"CITY COUNCIL / ALDERMEN",11281,2013-07-09
1571,2013-04-01,2013-06-30,"Breakfast Annual Meeting",Silverstein,Debra,Alderman,43,"CITY COUNCIL / ALDERMEN",11281,2013-07-09
1572,2013-04-01,2013-06-30,"Breakfast Annual Meeting",Emanuel,Rahm,Mayor,43,"MAYORS OFFICE",11281,2013-07-09
1573,2013-04-01,2013-06-30,"Breakfast Annual Meeting",Koch,Steve,"Deputy Mayor",43,"MAYORS OFFICE",11281,2013-07-09
1581,2013-04-01,2013-06-30,none,none,none,none,0,"CITY COUNCIL / ALDERMEN",11372,2013-07-11
1621,2013-04-01,2013-06-30,Dinner,JoAnn,Thompson,Alderman,41,"CITY COUNCIL / ALDERMEN",11224,2013-07-15
1641,2013-01-01,2013-03-31,Breakfast,Harry,Osterman,Alderman,25,"CITY COUNCIL / ALDERMEN",14261,2013-07-17
1642,2013-01-01,2013-03-31,Breakfast,Mary,O'Connor,Alderman,25,"CITY COUNCIL / ALDERMEN",14261,2013-07-17
1643,2013-01-01,2013-03-31,Breakfast,Ira,SIlverstein,Alderman,25,"CITY COUNCIL / ALDERMEN",14261,2013-07-17
1644,2013-04-01,2013-06-30,Dinner,JoAnn,Thompson,Alderman,41,"CITY COUNCIL / ALDERMEN",14261,2013-07-17
1661,2013-04-01,2013-06-30,meal,Brendan,Reilly,Alderman,35,"CITY COUNCIL / ALDERMEN",11567,2013-07-18
1662,2013-01-01,2013-03-31,none,Mendoza,Kevin,none,0,"MAYORS OFFICE",14304,2013-07-18
1681,2013-04-01,2013-06-30,None,None,None,None,0,AVIATION,11711,2013-07-19
1721,2013-04-01,2013-06-30,N/A,Charlotte,Knight-Marshall,Principal,0,FINANCE,11642,2013-07-23
1741,2013-04-01,2013-06-30,"group lunch",Tom,Stevens,"Manager of Parking",11,FINANCE,11692,2013-07-26
1742,2013-04-01,2013-06-30,"group lunch",Alfred,Daniels,Administrator,11,FINANCE,11692,2013-07-26
1743,2013-04-01,2013-06-30,"group lunch",Vegiovanni,Dardovski,Administrator,11,FINANCE,11692,2013-07-26
1744,2013-04-01,2013-06-30,"group lunch",Scott,Yanover,N/A,11,FINANCE,11692,2013-07-26
1761,2013-04-01,2013-06-30,NA,NA,NA,NA,0,FINANCE,10494,2013-07-29
1781,2013-04-01,2013-06-30,"Gift Card (gift was from the client, not the lobbyist, and was returned by the Alderman",Ameya,Pawar,Alderman,50,"CITY COUNCIL / ALDERMEN",14743,2013-08-13
1801,2013-07-01,2013-09-30,0,N/A,N/A,N/A,0,FINANCE,11642,2013-08-30
1822,2013-07-01,2013-09-30,0,Gerald,Hollowell,Director,0,"EMERGENCY MANAGEMENT & COMMUNICATIONS",14981,2013-09-30
1823,2013-07-01,2013-09-30,None,None,None,None,0,AVIATION,11711,2013-10-03
1841,2013-07-01,2013-09-30,NONE,N/A,N/A,N/A,0,FINANCE,11710,2013-10-09
1861,2013-07-01,2013-09-30,Lunch,Michael,Zalewski,Alderman,20,"CITY COUNCIL / ALDERMEN",14261,2013-10-18
1862,2013-07-01,2013-09-30,Lunch,Mary,O?Connor,Alderman,20,"CITY COUNCIL / ALDERMEN",14261,2013-10-18
1881,2013-07-01,2013-09-30,food,Balcer,James,Alderman,20,"CITY COUNCIL / ALDERMEN",11525,2013-10-21
1901,2013-07-01,2013-09-30,0,Matt,Stewart,Supervisor,0,"FLEET & FACILITY MANAGEMENT",10874,2013-10-23
1902,2013-07-01,2013-09-30,0.00,Ed,Ebertsch,Fleet,0,"FIRE DEPARTMENT",11402,2013-10-23
1921,2013-07-01,2013-09-30,Cookies,walter,burnett,Alderman,6,"CITY COUNCIL / ALDERMEN",11546,2013-10-24
1922,2013-07-01,2013-09-30,Cookies,ray,suarez,Alerman,6,"CITY COUNCIL / ALDERMEN",11546,2013-10-24
1961,2013-10-01,2013-12-31,0,Gerald,Hollowell,"Deputy Director of Comm",0,"EMERGENCY MANAGEMENT & COMMUNICATIONS",14981,2013-12-16
1981,2013-10-01,2013-12-31,none,Deborah,Hill,Attorney,0,"CHICAGO PUBLIC SCHOOLS",11275,2013-12-31
2021,2013-10-01,2013-12-31,Lunch,Will,Burns,Alderman,34,"CITY COUNCIL / ALDERMEN",15306,2014-01-07
2022,2013-10-01,2013-12-31,0.00,Edward,Ebertsch,"Senior Automotive Equipment Analyst",0,"FIRE DEPARTMENT",11402,2014-01-07
2041,2013-10-01,2013-12-31,NONE,N/A,N/A,N/A,0,FINANCE,11710,2014-01-07
2062,2013-10-01,2013-12-31,na,na,na,na,0,"CITY COUNCIL / ALDERMEN",11526,2014-01-09
2081,2012-10-01,2012-12-31,0,none,none,none,0,"CHICAGO PUBLIC SCHOOLS",11275,2014-01-11
2082,2012-10-01,2012-12-31,0,none,none,none,0,"PARK DISTRICT",11275,2014-01-11
2101,2013-10-01,2013-12-31,0,0,0,0,0,"COMMISSION ON HUMAN RELATIONS",11711,2014-01-13
2141,2013-10-01,2013-12-31,"Food Basket",Anna,Booth,Ms,27,"HOUSING AND ECONOMIC DEVELOPMENT",15481,2014-01-15
2142,2013-10-01,2013-12-31,"Food Basket",Walter,Burnett,Alderman,27,"CITY COUNCIL / ALDERMEN",15481,2014-01-15
2143,2013-10-01,2013-12-31,"Food Basket",Tamra,Collins,Ms.,27,"HOUSING AND ECONOMIC DEVELOPMENT",15481,2014-01-15
2144,2013-10-01,2013-12-31,"Food Basket",George,Cronvich,Mr.,27,"CHICAGO HOUSING AUTHORITY",15481,2014-01-15
2145,2013-10-01,2013-12-31,"Food Basket",Jessica,Duarte,Ms.,27,"CHICAGO HOUSING AUTHORITY",15481,2014-01-15
2146,2013-10-01,2013-12-31,"Food Basket",Ed,Ellis,Mr.,27,"HOUSING AND ECONOMIC DEVELOPMENT",15481,2014-01-15
2147,2013-10-01,2013-12-31,"Food Basket",Lawrence,Grisham,Mr.,27,"HOUSING AND ECONOMIC DEVELOPMENT",15481,2014-01-15
2148,2013-10-01,2013-12-31,"Food Basket",Lona,Lane,Alderman,27,"CITY COUNCIL / ALDERMEN",15481,2014-01-15
2149,2013-10-01,2013-12-31,"Food Basket",Susan,Leske,Ms.,27,"CHICAGO HOUSING AUTHORITY",15481,2014-01-15
2150,2013-10-01,2013-12-31,"Food Basket",Andy,Mooney,Mr.,27,"HOUSING AND ECONOMIC DEVELOPMENT",15481,2014-01-15
2151,2013-10-01,2013-12-31,"Food Basket",Tracy,Sanchez,Ms.,27,"HOUSING AND ECONOMIC DEVELOPMENT",15481,2014-01-15
2152,2013-10-01,2013-12-31,"Food Basket",Dinah,Wayne,Ms.,27,"HOUSING AND ECONOMIC DEVELOPMENT",15481,2014-01-15
2161,2013-10-01,2013-12-31,"Food Package",Chip,Hastings,Mr.,27,"HOUSING AND ECONOMIC DEVELOPMENT",12776,2014-01-16
2162,2013-10-01,2013-12-31,"Food Package",Don,Oshita,Mr.,27,"CHICAGO HOUSING AUTHORITY",12776,2014-01-16
2163,2013-10-01,2013-12-31,"Food Package",Kari,Saba,Ms.,27,"CHICAGO HOUSING AUTHORITY",12776,2014-01-16
2164,2013-10-01,2013-12-31,"Food Package",Tim,Veenstra,Mr.,27,"CHICAGO HOUSING AUTHORITY",12776,2014-01-16
2165,2013-10-01,2013-12-31,"Food Package",Michelle,Nolan,Ms.,27,"HOUSING AND ECONOMIC DEVELOPMENT",15686,2014-01-16
2166,2013-10-01,2013-12-31,"Food Package",Bill,Povala,Mr.,27,"HOUSING AND ECONOMIC DEVELOPMENT",15686,2014-01-16
2167,2013-10-01,2013-12-31,"Food Package",Jolene,Saul,Ms.,27,"CHICAGO HOUSING AUTHORITY",15686,2014-01-16
2168,2013-10-01,2013-12-31,"Food Package",Barbara,Taylor,Ms.,27,"HOUSING AND ECONOMIC DEVELOPMENT",15686,2014-01-16
2181,2013-10-01,2013-12-31,candy,edith,stinson,Administration,15,FINANCE,11546,2014-01-17
2182,2013-10-01,2013-12-31,candy,carl,erickson,administration,15,"CITY COUNCIL / ALDERMEN",11546,2014-01-17
2183,2013-10-01,2013-12-31,0,"no answer","No answer","no answer",0,"311 CITY SERVICES",11086,2014-01-17
2201,2013-10-01,2013-12-31,"Baseball Cap",Rahm,Emanuel,Mayor,8,"MAYORS OFFICE",12361,2014-01-18
2221,2013-10-01,2013-12-31,None,None,None,None,0,BUILDINGS,11657,2014-01-20
2241,2013-10-01,2013-12-31,Lunch,Carrie,Austin,Alderman,45,"CITY COUNCIL / ALDERMEN",11227,2014-01-20
2242,2013-10-01,2013-12-31,Lunch,Tim,Cullerton,Alderman,28,"CITY COUNCIL / ALDERMEN",11227,2014-01-20
2243,2013-10-01,2013-12-31,Luncheon,Patrick,O'Connor,Alderman,50,"CITY COUNCIL / ALDERMEN",14261,2014-01-20
2244,2013-10-01,2013-12-31,Luncheon,Tim,Cullerton,Alderman,50,"CITY COUNCIL / ALDERMEN",14261,2014-01-20
2261,2013-04-01,2013-06-30,0,n/a,n/a,n/a,0,"PARK DISTRICT",17328,2014-01-22
2262,2013-04-01,2013-06-30,0,n/a,n/a,n/a,0,AVIATION,17328,2014-01-22
2263,2013-04-01,2013-06-30,0,n/a,n/a,n/a,0,"CHICAGO PUBLIC SCHOOLS",17328,2014-01-22
2264,2013-04-01,2013-06-30,0,n/a,n/a,n/a,0,"CHICAGO TRANSIT AUTHORITY (CTA)",17328,2014-01-22
2265,2013-01-01,2013-03-31,0,Steven,Ginsberg,Attorney,0,"PARK DISTRICT",17328,2014-01-22
2266,2013-01-01,2013-03-31,0,Steven,Ginsberg,Attorney,0,"CHICAGO PUBLIC SCHOOLS",17328,2014-01-22
2267,2013-01-01,2013-03-31,0,Steven,Ginsberg,Attorney,0,"CHICAGO TRANSIT AUTHORITY (CTA)",17328,2014-01-22
2268,2013-10-01,2013-12-31,none,Deborah,Hill,Attorney,0,"CHICAGO PUBLIC SCHOOLS",17328,2014-01-22
2269,2012-10-01,2012-12-31,0,none,none,none,0,"CHICAGO PUBLIC SCHOOLS",17328,2014-01-22
2270,2012-10-01,2012-12-31,0,none,none,none,0,"PARK DISTRICT",17328,2014-01-22
2281,2013-10-01,2013-12-31,None,None,None,None,0,FINANCE,10767,2014-01-24
2301,2013-10-01,2013-12-31,book,Ed,Burke,Ald,20,"CITY COUNCIL / ALDERMEN",15407,2014-02-03
2321,2013-10-01,2013-12-31,meal,Carrie,Austin,Alderman,46,"CITY COUNCIL / ALDERMEN",11568,2014-02-04
2322,2013-10-01,2013-12-31,meal,Diane,Turner,administrator,46,"COMMITTEES OF THE CITY COUNCIL",11568,2014-02-04
2323,2013-10-01,2013-12-31,meal,Kimberly,DuBluclet,administrator,46,"PARK DISTRICT",11568,2014-02-04
2324,2013-10-01,2013-12-31,cookies,Jeremy,Fine,"Asst. Compt",35,FINANCE,14366,2014-02-04
2325,2013-10-01,2013-12-31,cookies,Tracy,Sanchez,"Asst Treasurer",35,"HOUSING AND ECONOMIC DEVELOPMENT",14366,2014-02-04
2326,2013-10-01,2013-12-31,cookies,Kathleen,Dickhut,"Dep. Commissioner",35,"HOUSING AND ECONOMIC DEVELOPMENT",14366,2014-02-04
2327,2013-10-01,2013-12-31,cookies,Andrew,Mooney,Commissioner,45,"HOUSING AND ECONOMIC DEVELOPMENT",14366,2014-02-04
2328,2013-10-01,2013-12-31,cookies,Mary,Bonome,"Dep. Commissioner",35,"HOUSING AND ECONOMIC DEVELOPMENT",14366,2014-02-04
2329,2013-10-01,2013-12-31,cookies,Brad,McConnell,asst.,35,"HOUSING AND ECONOMIC DEVELOPMENT",14366,2014-02-04
2341,2014-01-01,2014-03-31,0,Jerry,Knapp,"Deputy chief",0,"FIRE DEPARTMENT",17032,2014-03-26
2361,2014-01-01,2014-03-31,0,Stephen,Halvorsen,"Vice President",0,FINANCE,16606,2014-03-31
2362,2014-01-01,2014-03-31,0.00,Edward,Ebertsch,"Fleet Management",0,"FIRE DEPARTMENT",16520,2014-03-31
2364,2014-01-01,2014-03-31,"bottle of sponsor tequila",Joe,Moreno,Alderman,20,"CITY COUNCIL / ALDERMEN",17592,2014-03-31
2381,2014-01-01,2014-03-31,NONE,N/A,N/A,N/A,0,FINANCE,16553,2014-04-04
2401,2014-01-01,2014-03-31,n/a,n/a,n/a,n/a,0,"PARK DISTRICT",16381,2014-04-10
2441,2014-01-01,2014-03-31,Luncheon,Debra,Silverstein,Alderman,25,"CITY COUNCIL / ALDERMEN",17602,2014-04-15
2442,2014-01-01,2014-03-31,Luncheon,Harry,Osterman,Alderman,25,"CITY COUNCIL / ALDERMEN",17602,2014-04-15
2443,2014-01-01,2014-03-31,Luncheon,Margaret,Laurino,Alderman,25,"CITY COUNCIL / ALDERMEN",17602,2014-04-15
2444,2014-01-01,2014-03-31,Luncheon,Patrick,O'Connor,Alderman,25,"CITY COUNCIL / ALDERMEN",17602,2014-04-15
2461,2014-01-01,2014-03-31,Meal,Steve,Koch,"Deputy Mayor",20,"MAYORS OFFICE",17059,2014-04-16
2462,2014-01-01,2014-03-31,Meal,Steve,Koch,"Deputy Mayor",39,"MAYORS OFFICE",17059,2014-04-16
2463,2014-01-01,2014-03-31,Meal,Steve,Koch,"Deputy Mayor",35,"MAYORS OFFICE",17059,2014-04-16
2464,2014-01-01,2014-03-31,Meal,David,Spielfogel,Advisor,35,"MAYORS OFFICE",17059,2014-04-16
2465,2014-01-01,2014-03-31,Meal,Rahm,Emanuel,Mayor,35,"MAYORS OFFICE",17059,2014-04-16
2466,2014-01-01,2014-03-31,coffee,Jim,Raussen,"Deputy Comptroller",4,FINANCE,17210,2014-04-16
2481,2014-01-01,2014-03-31,none,none,None,none,0,AVIATION,16297,2014-04-18
2501,2014-01-01,2014-03-31,coffee,Sean,Rapelyea,"Asst. to the Mayor",3,"LEGISLATIVE COUNCIL & GOV'T AFFAIRS",17548,2014-04-21
2541,2014-01-01,2014-03-31,None,None,None,None,0,BUILDINGS,17181,2014-04-24
2561,2014-04-01,2014-06-30,0,Jerry,Knapp,"Deputy Chief",0,"FIRE DEPARTMENT",17032,2014-06-30
2581,2014-04-01,2014-06-30,NONE,N/A,N/A,N/A,0,FINANCE,16553,2014-07-02
2601,2014-04-01,2014-06-30,None,None,None,None,0,BUILDINGS,17181,2014-07-11
2621,2014-04-01,2014-06-30,NA,James,Gilliam,"Relationship Manager",0,"CITY COUNCIL / ALDERMEN",17062,2014-07-11
2641,2014-04-01,2014-06-30,none,Edward,Ebertsch,"Fleet Service",0,"FIRE DEPARTMENT",16520,2014-07-16
2642,2014-04-01,2014-06-30,Meal/Beverage,Will,Burns,Alderman,31,"CITY COUNCIL / ALDERMEN",19703,2014-07-16
2661,2014-04-01,2014-06-30,none,none,none,none,0,AVIATION,16297,2014-07-17
2681,2014-04-01,2014-06-30,meal,Brendan,Reilly,Alderman,35,"CITY COUNCIL / ALDERMEN",17548,2014-07-21
2701,2014-04-01,2014-06-30,Mug,Rosemarie,Andolino,"Department of Aviation Commissioner",25,AVIATION,17345,2014-07-21
2721,2014-04-01,2014-06-30,none,None,None,None,0,"BOARD OF EDUCATION",16381,2014-07-22
2741,2014-04-01,2014-06-30,plant,Rahm,Emanuel,Mayor,35,"MAYORS OFFICE",17344,2014-07-23
2742,2014-04-01,2014-06-30,"peace sign key chain & collars",Rosemarie,Andolino,commissioner,39,AVIATION,17344,2014-07-23
2762,2014-04-01,2014-06-30,Meal/Beverage,Will,Burns,Alderman,31,"CITY COUNCIL / ALDERMEN",20246,2014-07-24
2763,2014-04-01,2014-06-30,Meal/Beverage,Will,Burns,Alderman,31,"CITY COUNCIL / ALDERMEN",20249,2014-07-24
2781,2014-04-01,2014-06-30,Meal/Beverage,Will,Burns,Alderman,31,"CITY COUNCIL / ALDERMEN",20682,2014-09-09
2801,2014-07-01,2014-09-30,None,None,None,None,0,BUILDINGS,17181,2014-10-01
2821,2014-07-01,2014-09-30,NONE,N/A,N/A,N/A,0,FINANCE,16553,2014-10-06
2841,2014-07-01,2014-09-30,book,Ed,Burke,Alderman,20,"CITY COUNCIL / ALDERMEN",17769,2014-10-08
2861,2014-07-01,2014-09-30,none,none,none,none,0,AVIATION,16297,2014-10-10
2881,2014-07-01,2014-09-30,Beverage,Will,Burns,Alderman,2,"CITY COUNCIL / ALDERMEN",20682,2014-10-14
2901,2014-07-01,2014-09-30,"Baseball Hat",Rahm,Emanuel,Mayor,25,"MAYORS OFFICE",16301,2014-10-14
2921,2014-07-01,2014-09-30,"Book & Notebook at Youth Ambassador Luncheon 7/9/14",Carrie,Austin,Ald,35,"CITY COUNCIL / ALDERMEN",16852,2014-10-15
2922,2014-07-01,2014-09-30,"Book & Notebook and Youth Ambassador Luncheon 7/9/14",George,Cardenas,Ald,35,"CITY COUNCIL / ALDERMEN",16852,2014-10-15
2923,2014-07-01,2014-09-30,"Book & Notebook and Youth Ambassador Luncheon 7/9/14",Toni,Foulkes,Ald,35,"CITY COUNCIL / ALDERMEN",16852,2014-10-15
2924,2014-07-01,2014-09-30,"Book & Notebook at Youth Ambassador Luncheon 7/9/14",Joe,Moreno,Ald,35,"CITY COUNCIL / ALDERMEN",16852,2014-10-15
2925,2014-07-01,2014-09-30,"Book & Notebook at Youth Ambassador Luncheon 7/9/14",Matthew,O'Shea,Ald,35,"CITY COUNCIL / ALDERMEN",16852,2014-10-15
2926,2014-07-01,2014-09-30,"Book & Notebook at Youth Ambassador Luncheon 7/9/14",Ray,Suarez,Ald,35,"CITY COUNCIL / ALDERMEN",16852,2014-10-15
2927,2014-07-01,2014-09-30,"Book & Notebook at Youth Ambassador Luncheon 7/9/14",Latasha,Thomas,Ald,35,"CITY COUNCIL / ALDERMEN",16852,2014-10-15
2941,2014-07-01,2014-09-30,Lunch,Latasha,Thomas,Alderman,14,"CITY COUNCIL / ALDERMEN",16985,2014-10-16
2961,2014-07-01,2014-09-30,Dinner,Mary,O'Connor,Alderman,46,"CITY COUNCIL / ALDERMEN",17601,2014-10-17
2962,2014-07-01,2014-09-30,Dinner,Michael,Zalewski,Alderman,35,"CITY COUNCIL / ALDERMEN",17601,2014-10-17
2981,2014-07-01,2014-09-30,0,Gerald,Hollowell,Director,0,"EMERGENCY MANAGEMENT & COMMUNICATIONS",17032,2014-10-20
2982,2014-07-01,2014-09-30,0,Edward,Ebertsch,"Fleet Manager",0,"FIRE DEPARTMENT",16520,2014-10-20
2983,2014-07-01,2014-09-30,Lunch,Adam,Gypalo,"Chief of Staff",14,"CITY COUNCIL / ALDERMEN",17548,2014-10-20
3021,2014-04-01,2014-06-30,Meal/Beverage,Will,Burns,Alderman,31,"CITY COUNCIL / ALDERMEN",21562,2014-10-27
3022,2014-07-01,2014-09-30,Beverage,Will,Burns,Alderman,2,"CITY COUNCIL / ALDERMEN",21562,2014-10-27
3041,2014-04-01,2014-06-30,Meal/Beverage,Will,Burns,Alderman,31,"CITY COUNCIL / ALDERMEN",21642,2014-10-30
3042,2014-07-01,2014-09-30,Beverage,Will,Burns,Alderman,2,"CITY COUNCIL / ALDERMEN",21642,2014-10-30
3061,2014-10-01,2014-12-31,"Christmas Strawberries",Anikia,Tillery,"Computer Operator",40,TRANSPORTATION,16416,2014-12-22
3083,2014-10-01,2014-12-31,NONE,N/A,N/A,N/A,0,FINANCE,16553,2015-01-06
3084,2014-10-01,2014-12-31,0.00,Edward,Ebertsch,"Senior Automotive Equipment Analyst",0,"FLEET & FACILITY MANAGEMENT",16520,2015-01-07
3101,2014-10-01,2014-12-31,"Fruit Box",Ed,Ellis,"Assistant Commissioner",20,"PLANNING AND DEVELOPMENT",22480,2015-01-12
3102,2014-10-01,2014-12-31,"Fruit Box",Walter,Burnett,Alderman,20,"CITY COUNCIL / ALDERMEN",22480,2015-01-12
3103,2014-10-01,2014-12-31,"Fruit Box",Barbara,Taylor,"Developer Services",20,"PLANNING AND DEVELOPMENT",22480,2015-01-12
3104,2014-10-01,2014-12-31,"Fruit Box",Michelle,Nolan,"Project Manager",20,"PLANNING AND DEVELOPMENT",22480,2015-01-12
3105,2014-10-01,2014-12-31,"Fruit Box",Tamra,Collins,Analyst,20,"PLANNING AND DEVELOPMENT",22480,2015-01-12
3106,2014-10-01,2014-12-31,"Fruit Box",Bill,Povala,Monitoring,20,"PLANNING AND DEVELOPMENT",22480,2015-01-12
3107,2014-10-01,2014-12-31,"Fruit Box",Anna,Booth,Analyst,20,"PLANNING AND DEVELOPMENT",22480,2015-01-12
3108,2014-10-01,2014-12-31,"Fruit Box",Chip,Hastings,"Assistant Comissioner",20,"PLANNING AND DEVELOPMENT",22480,2015-01-12
3109,2014-10-01,2014-12-31,"Fruit Box",Ellen,Sahli,Director,20,"CHICAGO HOUSING AUTHORITY",22509,2015-01-13
3110,2014-10-01,2014-12-31,"Fruit Box",George,Cronvich,Analyst,20,"CHICAGO HOUSING AUTHORITY",22509,2015-01-13
3111,2014-10-01,2014-12-31,"Fruit Box",Kari,Saba,"VP Management",20,"CHICAGO HOUSING AUTHORITY",22509,2015-01-13
3112,2014-10-01,2014-12-31,"Fruit Box",Jessica,Duarte,PBV,20,"CHICAGO HOUSING AUTHORITY",22509,2015-01-13
3113,2014-10-01,2014-12-31,"Fruit Box",Jolene,Saul,"Director PRA Program",20,"CHICAGO HOUSING AUTHORITY",22509,2015-01-13
3114,2014-10-01,2014-12-31,"Fruit Box",Lawrence,Grisham,"Deputy Comissioner",20,"PLANNING AND DEVELOPMENT",22509,2015-01-13
3115,2014-10-01,2014-12-31,"Fruit Box",Susan,Leske,"Senior Investment Manager",20,"CHICAGO HOUSING AUTHORITY",22509,2015-01-13
3116,2014-10-01,2014-12-31,"Fruit Box",Tracy,Sanchez,"Senior Program Manager",20,"PLANNING AND DEVELOPMENT",22509,2015-01-13
3117,2014-10-01,2014-12-31,"Fruit Box",Andy,Mooney,"Program Director",20,"PLANNING AND DEVELOPMENT",22509,2015-01-13
3118,2014-10-01,2014-12-31,"Fruit Box",Tim,Veenstra,"Senior Real Estate Development Manager",20,"CHICAGO HOUSING AUTHORITY",22509,2015-01-13
3119,2014-10-01,2014-12-31,"Fruit Box",Don,Oshita,"Development Manager",20,"CHICAGO HOUSING AUTHORITY",22509,2015-01-13
3120,2014-10-01,2014-12-31,"Fruit Box",Dinah,Wayne,"TIF Division",20,"PLANNING AND DEVELOPMENT",22509,2015-01-13
3121,2014-10-01,2014-12-31,0,None,None,None,0,BUILDINGS,17181,2015-01-13
3122,2014-10-01,2014-12-31,none,none,none,none,0,AVIATION,16297,2015-01-13
3123,2014-10-01,2014-12-31,"Fruit Box",Lawrence,Grisham,"Deputy Comissioner",20,"PLANNING AND DEVELOPMENT",22593,2015-01-15
3124,2014-10-01,2014-12-31,"Fruit Box",George,Cronvich,Analyst,20,"CHICAGO HOUSING AUTHORITY",22593,2015-01-15
3125,2014-10-01,2014-12-31,"Fruit Box",Ellen,Sahli,Director,20,"CHICAGO HOUSING AUTHORITY",22593,2015-01-15
3126,2014-10-01,2014-12-31,"Fruit Box",Jolene,Saul,"Director PRA Program",20,"CHICAGO HOUSING AUTHORITY",22593,2015-01-15
3127,2014-10-01,2014-12-31,"Fruit Box",Susan,Leske,"Senior Investment Manager",20,"CHICAGO HOUSING AUTHORITY",22593,2015-01-15
3128,2014-10-01,2014-12-31,"Fruit Box",Don,Oshita,"Development Manager",20,"CHICAGO HOUSING AUTHORITY",22593,2015-01-15
3129,2014-10-01,2014-12-31,"Fruit Box",Dinah,Wayne,"TIF Division",20,"PLANNING AND DEVELOPMENT",22593,2015-01-15
3130,2014-10-01,2014-12-31,"Fruit Box",Kari,Saba,"VP Management",20,"CHICAGO HOUSING AUTHORITY",22593,2015-01-15
3131,2014-10-01,2014-12-31,"Fruit Box",Tim,Veenstra,"Senior Real Estate Development Manager",20,"CHICAGO HOUSING AUTHORITY",22593,2015-01-15
3132,2014-10-01,2014-12-31,"Fruit Box",Tracy,Sanchez,"Senior Program Manager",20,"PLANNING AND DEVELOPMENT",22593,2015-01-15
3133,2014-10-01,2014-12-31,"Fruit Box",Andy,Mooney,"Program Director",20,"PLANNING AND DEVELOPMENT",22593,2015-01-15
3134,2014-10-01,2014-12-31,"Fruit Box",Jessica,Duarte,PBV,20,"CHICAGO HOUSING AUTHORITY",22593,2015-01-15
3136,2014-10-01,2014-12-31,"Baseball Hat",Rahm,Emanuel,Mayor,20,"MAYORS OFFICE",16301,2015-01-16
3137,2014-10-01,2014-12-31,Lunch,Brendan,Reilly,Alderman,50,"CITY COUNCIL / ALDERMEN",17602,2015-01-16
3138,2014-10-01,2014-12-31,Candy,Carl,Erickson,"Adm. Asst.",15,"CITY COUNCIL / ALDERMEN",17475,2015-01-19
3139,2014-10-01,2014-12-31,Candy,Stinson,Edith,"Adm. Asst.",15,FINANCE,17475,2015-01-19
3140,2014-10-01,2014-12-31,0,Gerald,Hollowell,Director,0,"EMERGENCY MANAGEMENT & COMMUNICATIONS",17032,2015-01-19
3143,2014-10-01,2014-12-31,lunch,Adam,Gypalo,"Chief of Staff",17,"CITY COUNCIL / ALDERMEN",17548,2015-01-23
3144,2014-10-01,2014-12-31,book,Ed,Burke,Alderman,20,"CITY COUNCIL / ALDERMEN",17769,2015-01-23
3161,2015-01-01,2015-03-31,NONE,N/A,N/A,N/A,0,FINANCE,22394,2015-04-02
3181,2015-01-01,2015-03-31,Food/Beverage,Will,Burns,Alderman,18,"CITY COUNCIL / ALDERMEN",23622,2015-04-06
3201,2015-01-01,2015-03-31,None,None,None,None,0,BUILDINGS,22513,2015-04-07
3221,2015-01-01,2015-03-31,none,none,none,none,0,AVIATION,23053,2015-04-14
3241,2015-01-01,2015-03-31,Breakfast,Willie,Cochran,Alderman,35,"CITY COUNCIL / ALDERMEN",23010,2015-04-16
3242,2015-01-01,2015-03-31,Breakfast,Regnar,Suarez,Alderman,35,"CITY COUNCIL / ALDERMEN",23010,2015-04-16
3243,2015-01-01,2015-03-31,Breakfast,Pat,Dowell,Alderman,35,"CITY COUNCIL / ALDERMEN",23010,2015-04-16
3244,2015-01-01,2015-03-31,Lunch,Michelle,Smith,Alderman,23,"CITY COUNCIL / ALDERMEN",23010,2015-04-16
3245,2015-01-01,2015-03-31,Lunch,Tom,Tunney,Alderman,23,"CITY COUNCIL / ALDERMEN",23010,2015-04-16
3246,2015-01-01,2015-03-31,Lunch,Michael,Zalewski,Alderman,23,"CITY COUNCIL / ALDERMEN",23010,2015-04-16
3247,2015-01-01,2015-03-31,Breakfast,Margaret,Laurino,Alderman,10,"CITY COUNCIL / ALDERMEN",23010,2015-04-16
3248,2015-01-01,2015-03-31,Breakfast,Mary,O'Connor,Alderman,10,"CITY COUNCIL / ALDERMEN",23010,2015-04-16
3249,2015-01-01,2015-03-31,"Toy Car",Rahm,Emanuel,Mayor,10,"MAYORS OFFICE",22833,2015-04-16
3262,2015-01-01,2015-03-31,Food/Beverage,Will,Burns,Alderman,18,"CITY COUNCIL / ALDERMEN",24443,2015-04-20
3301,2015-04-01,2015-06-30,N/A,N/A,N/A,N/A,0,FINANCE,22394,2015-07-01
3321,2015-04-01,2015-06-30,none,none,none,none,0,AVIATION,23053,2015-07-07
3341,2015-04-01,2015-06-30,None,None,None,None,0,BUILDINGS,22513,2015-07-10
3381,2015-04-01,2015-06-30,Breakfast,Brian,Hopkins,Alderman,42,"CITY COUNCIL / ALDERMEN",23009,2015-07-15
3382,2015-04-01,2015-06-30,Breakfast,Patrick,Thompson,Alderman,42,"CITY COUNCIL / ALDERMEN",23009,2015-07-15
3383,2015-04-01,2015-06-30,Breakfast,Raymond,Lopez,Alderman,42,"CITY COUNCIL / ALDERMEN",23009,2015-07-15
3384,2015-04-01,2015-06-30,Breakfast,Michelle,Smith,Alderman,42,"CITY COUNCIL / ALDERMEN",23009,2015-07-15
3385,2015-04-01,2015-06-30,Lunch,Raymond,Lopez,Alderman,18,"CITY COUNCIL / ALDERMEN",23009,2015-07-15
3401,2015-04-01,2015-06-30,"bottle 3G tequila",Staffers,Unknown,"25th Ward Aldermanic Office",20,"CITY COUNCIL / ALDERMEN",22701,2015-07-15
3421,2015-04-01,2015-06-30,"refreshments and lunch",Joanna,Hazelden,"Branch Manager",22,LIBRARY,22743,2015-07-16
3422,2015-04-01,2015-06-30,"refreshments and lunch",Stephen,Tow,"Technology Coordinator",22,"CHICAGO PUBLIC SCHOOLS",22743,2015-07-16
3423,2015-04-01,2015-06-30,"refreshments and lunch",Bill,Yeh,"Assistant Principal",22,"CHICAGO PUBLIC SCHOOLS",22743,2015-07-16
3424,2015-04-01,2015-06-30,"refreshments and lunch",Karen,Dreyfuss,"48th Ward Education Liaison",22,"CITY COUNCIL / ALDERMEN",22743,2015-07-16
3425,2015-04-01,2015-06-30,"refreshments and lunch",Harry,Osterman,"Alderman of the 48th Ward",22,"CITY COUNCIL / ALDERMEN",22743,2015-07-16
3441,2015-01-01,2015-03-31,Food/Beverage,Will,Burns,Alderman,18,"CITY COUNCIL / ALDERMEN",27382,2015-09-04
3481,2015-07-01,2015-09-30,N/A,N/A,N/A,N/A,0,FINANCE,22394,2015-09-28
3501,2015-07-01,2015-09-30,None,None,None,None,0,BUILDINGS,22513,2015-09-30
3521,2015-07-01,2015-09-30,Lunch,Roderick,Sawyers,"6th Ward",130,"CITY COUNCIL / ALDERMEN",22364,2015-10-05
3522,2015-07-01,2015-09-30,Lunch,Greg,Mitchell,"9th Ward",130,"CITY COUNCIL / ALDERMEN",22364,2015-10-05
3523,2015-07-01,2015-09-30,Lunch,Walter,Burnett,"27th Ward",130,"CITY COUNCIL / ALDERMEN",22364,2015-10-05
3524,2015-07-01,2015-09-30,Luncg,Leslie,Hairston,"5th Ward",130,"CITY COUNCIL / ALDERMEN",22364,2015-10-05
3525,2015-07-01,2015-09-30,Lunch,"Michael, Jr.",Scott,"24th Ward",130,"CITY COUNCIL / ALDERMEN",22364,2015-10-05
3526,2015-07-01,2015-09-30,Lunch,Will,Burns,"4th Ward",130,"CITY COUNCIL / ALDERMEN",22364,2015-10-05
3527,2015-07-01,2015-09-30,Lunch,Howard,Brookins,"21st Ward",130,"CITY COUNCIL / ALDERMEN",22364,2015-10-05
3528,2015-07-01,2015-09-30,Lunch,Jason,Ervin,"28th Ward",130,"CITY COUNCIL / ALDERMEN",22364,2015-10-05
3529,2015-07-01,2015-09-30,Lunch,Tom,Foulkes,"16th ward",130,"CITY COUNCIL / ALDERMEN",22364,2015-10-05
3530,2015-07-01,2015-09-30,Lunch,Pat,Dowell,"3rd Ward",130,"CITY COUNCIL / ALDERMEN",22364,2015-10-05
3531,2015-07-01,2015-09-30,Lunch,David,Moore,"17th Ward",130,"CITY COUNCIL / ALDERMEN",22364,2015-10-05
3541,2015-07-01,2015-09-30,meal,Adam,Gypalo,"chief of staff",9,"CITY COUNCIL / ALDERMEN",22936,2015-10-09
3542,2015-01-01,2015-03-31,Food/Beverage,Will,Burns,Alderman,18,"CITY COUNCIL / ALDERMEN",27863,2015-10-09
3543,2015-07-01,2015-09-30,none,none,None,none,0,AVIATION,23053,2015-10-13
3544,2015-07-01,2015-09-30,Lunch,Michael,Zalewksi,Alderman,42,"CITY COUNCIL / ALDERMEN",23010,2015-10-14
3545,2015-07-01,2015-09-30,Lunch,Anthony,Napolitano,Alderman,11,"CITY COUNCIL / ALDERMEN",23010,2015-10-14
3561,2015-07-01,2015-09-30,lunch,William,Burns,Alderman,23,"CITY COUNCIL / ALDERMEN",27875,2015-10-19
3601,2015-07-01,2015-09-30,Lunch,Howard,Brookins,"21st Ward",130,"CITY COUNCIL / ALDERMEN",28021,2015-10-23
3602,2015-07-01,2015-09-30,Lunch,Greg,Mitchell,"9th Ward",130,"CITY COUNCIL / ALDERMEN",28021,2015-10-23
3603,2015-07-01,2015-09-30,Lunch,"Michael, Jr.",Scott,"24th Ward",130,"CITY COUNCIL / ALDERMEN",28021,2015-10-23
3604,2015-07-01,2015-09-30,Lunch,Tom,Foulkes,"16th ward",130,"CITY COUNCIL / ALDERMEN",28021,2015-10-23
3605,2015-07-01,2015-09-30,Lunch,David,Moore,"17th Ward",130,"CITY COUNCIL / ALDERMEN",28021,2015-10-23
3606,2015-07-01,2015-09-30,Lunch,Will,Burns,"4th Ward",130,"CITY COUNCIL / ALDERMEN",28021,2015-10-23
3607,2015-07-01,2015-09-30,Lunch,Jason,Ervin,"28th Ward",130,"CITY COUNCIL / ALDERMEN",28021,2015-10-23
3608,2015-07-01,2015-09-30,Luncg,Leslie,Hairston,"5th Ward",130,"CITY COUNCIL / ALDERMEN",28021,2015-10-23
3609,2015-07-01,2015-09-30,Lunch,Walter,Burnett,"27th Ward",130,"CITY COUNCIL / ALDERMEN",28021,2015-10-23
3610,2015-07-01,2015-09-30,Lunch,Roderick,Sawyers,"6th Ward",130,"CITY COUNCIL / ALDERMEN",28021,2015-10-23
3622,2015-07-01,2015-09-30,0,none,none,none,0,"WATER MANAGEMENT",26681,2015-10-26
3641,2015-10-01,2015-12-31,NONE,N/A,N/A,N/A,0,FINANCE,22394,2016-01-04
3661,2015-10-01,2015-12-31,Lunch,Will,Burns,Alderman,18,"CITY COUNCIL / ALDERMEN",27863,2016-01-05
3681,2015-10-01,2015-12-31,None,None,None,None,0,BUILDINGS,29301,2016-01-08
3701,2015-10-01,2015-12-31,Candy,Edith,Stinson,"Staff Assist.",10,FINANCE,22996,2016-01-18
3702,2015-10-01,2015-12-31,Candy,Carl,Erickson,Admin,10,"CITY COUNCIL / ALDERMEN",22996,2016-01-18
3741,2015-10-01,2015-12-31,0,Andrew,Cubria,"Assistant Vice President",0,FINANCE,23741,2016-01-20
3761,2015-10-01,2015-12-31,book,Ed,Burke,Ald,20,"CITY COUNCIL / ALDERMEN",28201,2016-01-22
3781,2015-10-01,2015-12-31,none,none,none,none,0,AVIATION,23053,2016-01-26
3841,2016-01-01,2016-03-31,none,jeff,rock,"VP enforcement sales",0,FINANCE,30055,2016-04-04
3881,2016-01-01,2016-03-31,N/A,N/A,N/A,N/A,0,FINANCE,29744,2016-04-07
3901,2016-01-01,2016-03-31,N/A,Brittany,Peterson,Mrs,0,"BOARD OF ETHICS",29402,2016-04-11
3921,2016-01-01,2016-03-31,0,DANIEL,SOLIS,ALDEMAN,0,"ZONING COMMITTEE",31282,2016-04-15
3941,2016-01-01,2016-03-31,"Breakfast meeting",Miriam,Martinez,"Chief Investment Officer",40,"CITY TREASURER",30056,2016-04-18
3942,2016-01-01,2016-03-31,"Breakfast meeting",Luis,Frausto,"Assistant City Treasurer",40,"CITY TREASURER",30056,2016-04-18
3943,2016-01-01,2016-03-31,"Breakfast meeting",George,Helding,"Special Assistant to the City Treasurer",40,"CITY TREASURER",30056,2016-04-18
3961,2016-01-01,2016-03-31,N/A,Margaret,Anderson,Partner,20000,TRANSPORTATION,30465,2016-04-18
3984,2016-01-01,2016-03-31,meal/drinks,Adam,Gypalo,COS,30,"CITY COUNCIL / ALDERMEN",29381,2016-04-19
3985,2016-01-01,2016-03-31,meal,michael,scott,alderman,45,"CITY COUNCIL / ALDERMEN",29381,2016-04-19
3986,2016-01-01,2016-03-31,meal,ray,lopez,alderman,17,"CITY COUNCIL / ALDERMEN",29381,2016-04-19
4001,2016-01-01,2016-03-31,0,Anthony,Guest,"Political Coodinator",0,"CITY COUNCIL / ALDERMEN",30269,2016-04-25
4021,2016-01-01,2016-03-31,None,None,None,None,0,BUILDINGS,29301,2016-05-02
4041,2016-01-01,2016-03-31,N/A,Margaret,Anderson,Partner,20000,TRANSPORTATION,33961,2016-06-09
4061,2016-01-01,2016-03-31,N/A,Margaret,Anderson,Partner,20000,TRANSPORTATION,34001,2016-06-10
4081,2016-04-01,2016-06-30,0,Anthony,Guest,"Political Coordinatoor",0,"CITY COUNCIL / ALDERMEN",30269,2016-06-30
4101,2016-04-01,2016-06-30,None,None,................None.................,None,0,"LEGISLATIVE COUNCIL & GOV'T AFFAIRS",32363,2016-07-06
4121,2016-04-01,2016-06-30,N/A,N/A,N/A,N/A,0,FINANCE,29744,2016-07-06
4141,2016-04-01,2016-06-30,none,Jeff,Rock,"VP- Enforcement Sales",0,FINANCE,30055,2016-07-07
4161,2016-04-01,2016-06-30,0,None,None,None,0,BUILDINGS,29301,2016-07-11
4162,2016-04-01,2016-06-30,0,None,None,None,0,BUILDINGS,29301,2016-07-11
4181,2016-04-01,2016-06-30,Meal,Miriam,Martinez,"Chief Investment Office",47,"CITY TREASURER",29781,2016-07-13
4201,2016-04-01,2016-06-30,None,Brittany,Peterson,Mrs,0,"BUDGET AND MANAGEMENT",29402,2016-07-14
4222,2016-04-01,2016-06-30,Meal,Miriam,Martinez,"Chief Investment Officer",47,"CITY TREASURER",34841,2016-07-14
4241,2016-04-01,2016-06-30,meal/drink,Roderick,Sawyer,Alderman,32,"CITY COUNCIL / ALDERMEN",29381,2016-07-19
4261,2016-04-01,2016-06-30,Lunch,Michelle,Harris,Alderman,19,"CITY COUNCIL / ALDERMEN",35081,2016-07-20
4281,2016-01-01,2016-03-31,N/A,Margaret,Anderson,Partner,20000,TRANSPORTATION,35101,2016-07-20
4302,2016-04-01,2016-06-30,na,Glen,Lyman,Chief,0,"FIRE DEPARTMENT",33182,2016-07-22
4303,2016-07-01,2016-09-30,0,Glen,Lyman,Chief,0,"FIRE DEPARTMENT",33182,2016-07-22
4341,2016-07-01,2016-09-30,N/A,Glen,Lyman,Chief,0,"FIRE DEPARTMENT",35882,2016-09-30
4361,2016-07-01,2016-09-30,none,Jeff,Rock,"VP Enforcement",0,FINANCE,30055,2016-10-03
4381,2016-07-01,2016-09-30,N/A,N/A,N/A,N/A,0,FINANCE,29744,2016-10-04
4401,2016-07-01,2016-09-30,Meal,Brian,Hopkins,Alderman,7,"CITY COUNCIL / ALDERMEN",30083,2016-10-12
4421,2016-07-01,2016-09-30,"breakfast during DNC",Leslie,Hairston,alderman,17,"CITY COUNCIL / ALDERMEN",30464,2016-10-19
4461,2016-07-01,2016-09-30,Meal,Steve,Lux,CFO,19,"PARK DISTRICT",29144,2016-10-20
4481,2016-07-01,2016-09-30,dinner,Michelle,Harris,alderman,35,"CITY COUNCIL / ALDERMEN",29905,2016-10-21
4482,2016-07-01,2016-09-30,lunch,Michelle,Smith,alderman,31,"CITY COUNCIL / ALDERMEN",29905,2016-10-21
4501,2016-07-01,2016-09-30,N/A,Thom,Serafin,Mr.,0,"BOARD OF ETHICS",30408,2016-10-25
4521,2016-07-01,2016-09-30,none,none,none,none,0,TRANSPORTATION,35641,2016-10-31
4522,2016-07-01,2016-09-30,None,None,None,None,0,BUILDINGS,29301,2016-10-31
4541,2016-07-01,2016-09-30,N/A,Thom,Serafin,Mr.,0,"BOARD OF ETHICS",37601,2016-11-11
4561,2016-10-01,2016-12-31,Wine,Edward,Burke,Alderman,25,"CITY COUNCIL / ALDERMEN",29442,2016-12-19
4581,2016-10-01,2016-12-31,BOOK,WILLIAM,FILAN,ALDERMAN,25,"CITY COUNCIL / ALDERMEN",37681,2016-12-20
4601,2016-10-01,2016-12-31,N/A,N/A,N/A,N/A,0,FINANCE,29744,2017-01-03
4621,2016-10-01,2016-12-31,0,None,None,None,0,BUILDINGS,29301,2017-01-09
4641,2016-10-01,2016-12-31,Meal,Brian,Hopkins,Alderman,7,"CITY COUNCIL / ALDERMEN",30083,2017-01-09
4642,2016-10-01,2016-12-31,Meal,Roderick,Sawyer,Alderman,14,"CITY COUNCIL / ALDERMEN",36623,2017-01-09
4661,2016-10-01,2016-12-31,Cookies,Scott,Yonover,Director,25,FINANCE,33521,2017-01-12
4681,2016-10-01,2016-12-31,Yes,Ed,Burke,Alderman,300,"CITY COUNCIL / ALDERMEN",37162,2017-01-13
4701,2016-10-01,2016-12-31,Cookies,David,Relfman,Commissioner,36,"PLANNING AND DEVELOPMENT",37045,2017-01-13
4702,2016-10-01,2016-12-31,Cookies,Brad,McConnell,"Deputy Commissioner Plnng & Dev",20,"PLANNING AND DEVELOPMENT",37045,2017-01-13
4703,2016-10-01,2016-12-31,Cookies,Jim,Horan,"Deputy Commissioner TIF Admin",20,"PLANNING AND DEVELOPMENT",37045,2017-01-13
4704,2016-10-01,2016-12-31,Cookies,Mary,Bonome,"Deputy Commissioner Business Dev",20,"PLANNING AND DEVELOPMENT",37045,2017-01-13
4705,2016-10-01,2016-12-31,Cookies,Kathleen,Dickhut,"Deputy Commissioner",20,"PLANNING AND DEVELOPMENT",37045,2017-01-13
4706,2016-10-01,2016-12-31,Cookies,Tracy,Sanchez,"Deputy Commissioner",20,"PLANNING AND DEVELOPMENT",37045,2017-01-13
4722,2016-10-01,2016-12-31,Candy,Edith,Stinson,"Staff Assistant",10,FINANCE,30605,2017-01-16
4723,2016-10-01,2016-12-31,Candy,Carl,Erickson,"Adm. Assistant",10,"CITY COUNCIL / ALDERMEN",30605,2017-01-16
4741,2016-10-01,2016-12-31,Meal,Walter,Burnett,Ald,45,"CITY COUNCIL / ALDERMEN",29938,2017-01-17
4742,2016-10-01,2016-12-31,Meal,Darlena,Burnett,"Wife of Ald",45,"CITY COUNCIL / ALDERMEN",29938,2017-01-17
4743,2016-10-01,2016-12-31,Meal,Margaret,Hansbrough,"Energy Engagement Manager",16,"MAYORS OFFICE",39862,2017-01-17
4744,2016-10-01,2016-12-31,Meal,Ellen,Sargent,"Director of Sustainable Initiatives",16,"CHICAGO HOUSING AUTHORITY",39862,2017-01-17
4745,2016-10-01,2016-12-31,Meal,Leanna,McKeon,"Senior Energy Analyst",16,"CHICAGO HOUSING AUTHORITY",39862,2017-01-17
4761,2016-10-01,2016-12-31,Meal,Darlena,Burnett,"Wife of Ald",45,"CITY COUNCIL / ALDERMEN",40027,2017-01-18
4762,2016-10-01,2016-12-31,Meal,Walter,Burnett,Ald,45,"CITY COUNCIL / ALDERMEN",40027,2017-01-18
4763,2016-10-01,2016-12-31,Meal,Michelle,Smith,Ald,45,"CITY COUNCIL / ALDERMEN",40027,2017-01-18
4801,2016-10-01,2016-12-31,"meal / dinner",Scott,Yonover,"Deputy Director of Financial Policy",45,FINANCE,31706,2017-01-20
4823,2016-10-01,2016-12-31,Yes,Ed,Burke,Alderman,300,"CITY COUNCIL / ALDERMEN",40343,2017-01-23
4824,2016-10-01,2016-12-31,Yes,Ed,Burke,Alderman,300,"CITY COUNCIL / ALDERMEN",40406,2017-01-23
4825,2016-10-01,2016-12-31,Yes,Ed,Burke,Alderman,300,"CITY COUNCIL / ALDERMEN",40407,2017-01-23
4841,2016-07-01,2016-09-30,N/A,Glen,Lyman,Chief,0,"FIRE DEPARTMENT",40964,2017-02-01
4861,2016-10-01,2016-12-31,Meal,Darlena,Burnett,"Wife of Ald",45,"CITY COUNCIL / ALDERMEN",41242,2017-02-08
4862,2016-10-01,2016-12-31,Meal,Walter,Burnett,Ald,45,"CITY COUNCIL / ALDERMEN",41242,2017-02-08
4863,2016-10-01,2016-12-31,Meal,Michelle,Smith,Ald,45,"CITY COUNCIL / ALDERMEN",41242,2017-02-08
4864,2016-10-01,2016-12-31,Meal,Walter,Burnett,Ald,45,"CITY COUNCIL / ALDERMEN",41243,2017-02-08
4865,2016-10-01,2016-12-31,Meal,Darlena,Burnett,"Wife of Ald",45,"CITY COUNCIL / ALDERMEN",41243,2017-02-08
4921,2017-01-01,2017-03-31,0,None,None,None,0,BUILDINGS,39842,2017-04-03
4941,2017-01-01,2017-03-31,N/A,N/A,N/A,N/A,0,FINANCE,39007,2017-04-03
4981,2017-01-01,2017-03-31,meal,Jason,Ervin,Alderman,50,"CITY COUNCIL / ALDERMEN",43643,2017-04-17
5021,2017-01-01,2017-03-31,Food/Beverage,Toni,Foulkes,Alderman,42,"CITY COUNCIL / ALDERMEN",40277,2017-04-20
5022,2017-01-01,2017-03-31,Food/Beverage,Willie,Cochran,Alderman,42,"CITY COUNCIL / ALDERMEN",40277,2017-04-20
5041,2017-04-01,2017-06-30,None,None,None,None,0,BUILDINGS,39842,2017-06-28
5061,2017-04-01,2017-06-30,NA,None,None,None,0,BUILDINGS,44522,2017-06-30
5081,2017-04-01,2017-06-30,0,Steven,Ginsberg,Attorney,0,"CHICAGO PUBLIC SCHOOLS",39281,2017-07-05
5121,2017-04-01,2017-06-30,NA,None,None,None,0,BUILDINGS,46981,2017-07-05
5141,2017-04-01,2017-06-30,n/a,Rahm,Emanuel,Mayor,0,"MAYORS OFFICE",46005,2017-07-06
5161,2017-04-01,2017-06-30,N/A,N/A,N/A,N/A,0,FINANCE,39007,2017-07-06
5181,2017-04-01,2017-06-30,Cake,David,Moore,Alderman,14,"CITY COUNCIL / ALDERMEN",42624,2017-07-10
5203,2017-04-01,2017-06-30,Food/Beverage,Brian,Hopkins,Alderman,6,"CITY COUNCIL / ALDERMEN",44882,2017-07-17
5204,2017-04-01,2017-06-30,Food/Beverage,Ray,Lopez,Alderman,44,"CITY COUNCIL / ALDERMEN",44882,2017-07-17
5205,2017-04-01,2017-06-30,NA,"Lewis W","Powell, III",Attorney,0,"HOUSING AND ECONOMIC DEVELOPMENT",39885,2017-07-17
5221,2017-04-01,2017-06-30,0,None,None,None,0,"HEALTH DEPARTMENT",44021,2017-07-18
5267,2017-07-01,2017-09-30,"Baseball Ticket",Greg,Mitchell,Alderman,45,"CITY COUNCIL / ALDERMEN",39381,2017-09-28
5268,2017-07-01,2017-09-30,"Baseball Ticket",Michelle,Harris,Alderman,45,"CITY COUNCIL / ALDERMEN",39381,2017-09-28
5269,2017-07-01,2017-09-30,"Baseball Ticket",Gilbert,Villegas,Alderman,45,"CITY COUNCIL / ALDERMEN",39381,2017-09-28
5281,2017-07-01,2017-09-30,0,None,None,None,0,"BOARD OF ETHICS",48141,2017-10-02
5301,2017-07-01,2017-09-30,N/A,N/A,N/A,N/A,0,FINANCE,39007,2017-10-04
5321,2017-07-01,2017-09-30,"Host gift",Steve,Koch,"Deputy Mayor",18,"MAYORS OFFICE",43962,2017-10-10
5322,2017-07-01,2017-09-30,None,None,None,None,0,BUILDINGS,39842,2017-10-12
5341,2017-07-01,2017-09-30,na,Samantha,Fields,"Budget Director",0,"BUDGET AND MANAGEMENT",42965,2017-10-16
5343,2017-07-01,2017-09-30,0,Lissa,Christman,Lobbyist,0,"CITY COUNCIL / ALDERMEN",39913,2017-10-16
5361,2017-07-01,2017-09-30,NA,"Lewis W","Powell, III",Attorney,0,"HOUSING AND ECONOMIC DEVELOPMENT",39885,2017-10-18
5381,2017-07-01,2017-09-30,"Picture and Frame",Roberto,Maldonado,Alderman,14,"CITY COUNCIL / ALDERMEN",45581,2017-10-20
5401,2017-10-01,2017-12-31,N/A,N/A,N/A,N/A,0,"CITY COUNCIL / ALDERMEN",42524,2017-12-18
5422,2017-10-01,2017-12-31,Book,Edward,Burke,Mr,20,"CITY COUNCIL / ALDERMEN",39881,2017-12-22
5443,2017-10-01,2017-12-31,No,Michelle,Smith,Alderman,0,"CITY COUNCIL / ALDERMEN",44601,2018-01-03
5444,2017-10-01,2017-12-31,N/A,N/A,N/A,N/A,0,"CITY COUNCIL / ALDERMEN",50135,2018-01-03
5445,2017-10-01,2017-12-31,Breakfast,Victoria,Watkins,"Senior Advisor",16,"MAYORS OFFICE",43962,2018-01-03
5446,2017-10-01,2017-12-31,No,Michelle,Smith,Alderman,0,"CITY COUNCIL / ALDERMEN",50296,2018-01-03
5461,2017-10-01,2017-12-31,meal,Michelle,Harris,Alderman,42,"CITY COUNCIL / ALDERMEN",39673,2018-01-04
5462,2017-10-01,2017-12-31,0.00,George,Cardenas,Alderman,0,"CITY COUNCIL / ALDERMEN",39028,2018-01-04
5463,2017-10-01,2017-12-31,N/A,N/A,N/A,N/A,0,FINANCE,39007,2018-01-05
5464,2017-10-01,2017-12-31,n/a,n/a,n/a,n/a,0,"CITY COUNCIL / ALDERMEN",50134,2018-01-05
5481,2017-10-01,2017-12-31,N/A,LYNN,COX,VP,0,"MAYORS OFFICE",46005,2018-01-08
5501,2017-10-01,2017-12-31,meal,Adam,Gypalo,"Chief of Staff",16,"CITY COUNCIL / ALDERMEN",50276,2018-01-15
5502,2017-10-01,2017-12-31,meal,Rod,Sawyer,Alderman,22,"CITY COUNCIL / ALDERMEN",50276,2018-01-15
5503,2017-10-01,2017-12-31,Flowers,Sheila,Pacione,"Director of Constituent Services and Infrastructure 43rd Ward",25,"CITY COUNCIL / ALDERMEN",47465,2018-01-15
5504,2017-10-01,2017-12-31,"lapel pin",Ed,Burke,Alderman,13,"CITY CLERK",49969,2018-01-16
5505,2017-10-01,2017-12-31,Donuts,N/A,N/A,"42nd Ward Constituent Office",8,"CITY COUNCIL / ALDERMEN",47466,2018-01-19
5512,2017-10-01,2017-12-31,"Food and Beverage",Sophia,King,Alderman,25,"CITY COUNCIL / ALDERMEN",47561,2018-01-19
5514,2017-10-01,2017-12-31,"Holiday bakery",N/A,N/A,"Division of Infrastructure",44,TRANSPORTATION,47467,2018-01-20
5515,2017-10-01,2017-12-31,"Holiday bakery",N/A,N/A,"Office of Underground Coordination",44,TRANSPORTATION,47467,2018-01-20
5516,2017-10-01,2017-12-31,"Holiday bakery",N/A,N/A,"Office of 42nd Ward",44,"CITY COUNCIL / ALDERMEN",47467,2018-01-20
5517,2017-10-01,2017-12-31,"Holiday bakery",N/A,N/A,"Office of 4th Ward",44,"CITY COUNCIL / ALDERMEN",47467,2018-01-20
5518,2017-10-01,2017-12-31,Bakery,N/A,N/A,"Permit Counter",13,TRANSPORTATION,47467,2018-01-20
5519,2017-10-01,2017-12-31,Bakery,N/A,N/A,"Permit Counter",6,TRANSPORTATION,47467,2018-01-20
5521,2017-10-01,2017-12-31,None,Brandon,Riley,Alderman,0,"CITY COUNCIL / ALDERMEN",47461,2018-01-22
5522,2017-10-01,2017-12-31,None,Brandon,Riley,Alderman,0,"CITY COUNCIL / ALDERMEN",47461,2018-01-22
5541,2017-10-01,2017-12-31,n/a,Cory,Hohs,CEO,0,"EMERGENCY MANAGEMENT & COMMUNICATIONS",39021,2018-01-25
5542,2017-10-01,2017-12-31,n0,SUe,Garza,Alderman,0,"CITY COUNCIL / ALDERMEN",49777,2018-01-25
5561,2017-10-01,2017-12-31,NA,"Lewis W","Powell, III",Attorney,0,"HOUSING AND ECONOMIC DEVELOPMENT",50707,2018-01-29
5563,2017-10-01,2017-12-31,NA,"Lewis W","Powell, III",Attorney,0,"PLANNING AND DEVELOPMENT",50707,2018-01-29
5581,2017-10-01,2017-12-31,N/A,Jason,Ervin,Mr,0,"CITY COUNCIL / ALDERMEN",51081,2018-01-30
5582,2017-10-01,2017-12-31,NA,"Lewis W","Powell, III",Attorney,0,"PLANNING AND DEVELOPMENT",51212,2018-01-30
5583,2017-10-01,2017-12-31,NA,"Lewis W","Powell, III",Attorney,0,"HOUSING AND ECONOMIC DEVELOPMENT",51212,2018-01-30
5584,2017-10-01,2017-12-31,NA,"Lewis W","Powell, III",Attorney,0,"HOUSING AND ECONOMIC DEVELOPMENT",51214,2018-01-30
5585,2017-10-01,2017-12-31,NA,"Lewis W","Powell, III",Attorney,0,"PLANNING AND DEVELOPMENT",51214,2018-01-30
5601,2017-10-01,2017-12-31,None,None,None,None,0,"CITY COLLEGES OF CHICAGO",51461,2018-02-15
5642,2018-01-01,2018-03-31,0,Dan,Casey,"Deputy Director PSIT",0,"EMERGENCY MANAGEMENT & COMMUNICATIONS",51097,2018-04-02
5661,2018-01-01,2018-03-31,0,Thomas,Weaver,EVP,0,"INNOVATION & TECHNOLOGY",51342,2018-04-03
5681,2018-01-01,2018-03-31,None,None,None,None,0,BUILDINGS,50435,2018-04-05
5701,2018-01-01,2018-03-31,0.00,Jason,Ervin,Mr,0,"CITY COUNCIL / ALDERMEN",51081,2018-04-05
5721,2018-01-01,2018-03-31,N/A,N/A,N/A,N/A,0,FINANCE,50327,2018-04-06
5741,2018-01-01,2018-03-31,Meal,"Procco ""Joe""",Moreno,Alderman,36,"CITY COUNCIL / ALDERMEN",50276,2018-04-06
5742,2018-01-01,2018-03-31,Meal,Danny,Solis,Alderman,16,"CITY COUNCIL / ALDERMEN",50276,2018-04-06
5743,2018-01-01,2018-03-31,Meal,Gilbert,Villagas,Alderman,16,"CITY COUNCIL / ALDERMEN",50276,2018-04-06
5781,2018-01-01,2018-03-31,NA,"Lewis W","Powell, III",Attorney,0,"HOUSING AND ECONOMIC DEVELOPMENT",51214,2018-04-18
5783,2018-01-01,2018-03-31,Book,Edward,Burke,Alderman,40,"CITY COUNCIL / ALDERMEN",51471,2018-04-18
5807,2018-01-01,2018-03-31,Food/Beverage,Sophia,King,Alderman,44,"CITY COUNCIL / ALDERMEN",52582,2018-04-20
5808,2018-01-01,2018-03-31,Food/Beverage,Walter,"Burnett, Jr.",Alderman,42,"CITY COUNCIL / ALDERMEN",52583,2018-04-20
5821,2018-01-01,2018-03-31,"Ford book and a cap",Ed,Burke,Councilman,40,"CITY COUNCIL / ALDERMEN",51164,2018-04-25
5841,2018-04-01,2018-06-30,None,Melia,Carter,"Government Affairs",0,"CITY COUNCIL / ALDERMEN",51237,2018-06-29
5862,2018-04-01,2018-06-30,0,Dan,Casey,Mr,0,"EMERGENCY MANAGEMENT & COMMUNICATIONS",51097,2018-07-03
5881,2018-04-01,2018-06-30,N/A,N/A,N/A,N/A,0,FINANCE,50327,2018-07-03
5901,2018-04-01,2018-06-30,"Small Parking Meter Bank",Beth,Beatty,"Office of CFO",25,FINANCE,50513,2018-07-06
5902,2018-04-01,2018-06-30,"Small Parking Meter Bank",Eric,Colon,CIO,25,"BUDGET AND MANAGEMENT",50513,2018-07-06
5903,2018-04-01,2018-06-30,"Small Parking Meter Bank",Benjamin,Davidson,"Proj. Admin.",25,FINANCE,50513,2018-07-06
5921,2018-04-01,2018-06-30,N/A,N/A,N/A,N/A,0,"HOUSING AND ECONOMIC DEVELOPMENT",50457,2018-07-09
5922,2018-04-01,2018-06-30,NA,"Lewis W","Powell, III",Attorney,0,"PLANNING AND DEVELOPMENT",51214,2018-07-09
5941,2018-04-01,2018-06-30,None,None,None,None,0,BUILDINGS,50435,2018-07-11
5961,2018-04-01,2018-06-30,"Conduent Branded Pen",Larry,McPhillips,"Deputy Commissioner",10,TRANSPORTATION,50730,2018-07-12
5962,2018-04-01,2018-06-30,"Conduent Branded Pen","Mary Jean",Pagnoni,"Administrative Assistatn",10,TRANSPORTATION,50730,2018-07-12
5963,2018-04-01,2018-06-30,"Conduent Branded Pen","John Paul",Jael,"Program Director",10,FINANCE,50730,2018-07-12
5981,2018-04-01,2018-06-30,Meal,"Procco ""Joe""",Moreno,Alderman,36,"CITY COUNCIL / ALDERMEN",50276,2018-07-13
5982,2018-04-01,2018-06-30,Meal,Danny,Solis,Alderman,16,"CITY COUNCIL / ALDERMEN",50276,2018-07-13
5983,2018-04-01,2018-06-30,Meal,Gilbert,Villagas,Alderman,16,"CITY COUNCIL / ALDERMEN",50276,2018-07-13
6001,2018-04-01,2018-06-30,Food/Beverage,Debra,Silverstein,Alderman,42,"CITY COUNCIL / ALDERMEN",52583,2018-07-17
6002,2018-04-01,2018-06-30,Food/Beverage,Toni,Foulkes,Alderman,42,"CITY COUNCIL / ALDERMEN",52630,2018-07-17
6003,2018-04-01,2018-06-30,Food/Beverage,Greg,Mitchell,Alderman,42,"CITY COUNCIL / ALDERMEN",52630,2018-07-17
6021,2018-04-01,2018-06-30,Lalo's,Viglielmo,David,CDOT/DEO,45,TRANSPORTATION,50933,2018-07-18
6022,2018-04-01,2018-06-30,Lalo's,Byron,Mona,CDOT/DEO,45,TRANSPORTATION,50933,2018-07-18
6023,2018-04-01,2018-06-30,Lalo's,Grigas,Dan,CDOT/DEO,45,TRANSPORTATION,50933,2018-07-18
6061,2018-04-01,2018-06-30,Book,Rod,Sawyer,Alderman,40,"CITY COUNCIL / ALDERMEN",51471,2018-07-20
6081,2018-04-01,2018-06-30,"Fruit Pie",David,Seglin,"Legislative & Policy Analyst",15,TRANSPORTATION,52984,2018-07-25
6101,2018-01-01,2018-03-31,Book,Edward,Burke,Alderman,40,"CITY COUNCIL / ALDERMEN",54522,2018-08-24
6102,2018-04-01,2018-06-30,Book,Rod,Sawyer,Alderman,40,"CITY COUNCIL / ALDERMEN",54522,2018-08-24
6121,2018-07-01,2018-09-30,0.00,Dan,Luna,Chief,0,"CITY COUNCIL / ALDERMEN",51081,2018-09-11
6141,2018-07-01,2018-09-30,Meal,Joe,Moore,Alderman,45,"CITY COUNCIL / ALDERMEN",50451,2018-09-28
6142,2018-07-01,2018-09-30,0,Casey,Dan,"Deputy Director",0,"EMERGENCY MANAGEMENT & COMMUNICATIONS",51097,2018-09-28
6161,2018-07-01,2018-09-30,0,None,None,None,0,BUILDINGS,50435,2018-10-01
6162,2018-07-01,2018-09-30,none,none,none,none,0,"BUDGET AND MANAGEMENT",51157,2018-10-01
6181,2018-07-01,2018-09-30,Bakery,N/A,N/A,"42nd Ward",27,"CITY COUNCIL / ALDERMEN",50934,2018-10-09
6182,2018-07-01,2018-09-30,0,Maria,Guerra,LCGA,0,"MAYORS OFFICE",50303,2018-10-09
6183,2018-07-01,2018-09-30,0,Jason,Ervin,Alderman,0,"LEGISLATIVE COUNCIL & GOV'T AFFAIRS",54081,2018-10-09
6201,2018-07-01,2018-09-30,N/A,N/A,N/A,N/A,0,FINANCE,50327,2018-10-10
6204,2018-07-01,2018-09-30,meal,Emma,Mitts,Alderman,26,"CITY COUNCIL / ALDERMEN",50259,2018-10-11
6221,2018-07-01,2018-09-30,meal,Jason,Ervin,Alderman,26,"CITY COUNCIL / ALDERMEN",50278,2018-10-11
6222,2018-07-01,2018-09-30,meal,Toni,Foulkes,Alderman,26,"CITY COUNCIL / ALDERMEN",50278,2018-10-11
6223,2018-07-01,2018-09-30,meal,Patrick,Thompson,Alderman,26,"CITY COUNCIL / ALDERMEN",50278,2018-10-11
6224,2018-07-01,2018-09-30,meal,Walter,Burnett,Alderman,26,"CITY COUNCIL / ALDERMEN",50278,2018-10-11
6225,2018-07-01,2018-09-30,meal,Michael,"Scott, Jr.",Alderman,26,"CITY COUNCIL / ALDERMEN",50278,2018-10-11
6226,2018-07-01,2018-09-30,meal,Raymond,Lopez,Alderman,26,"CITY COUNCIL / ALDERMEN",50278,2018-10-11
6241,2018-07-01,2018-09-30,meal,Gregory,Mitchell,Alderman,22,"CITY COUNCIL / ALDERMEN",50278,2018-10-12
6242,2018-07-01,2018-09-30,meal,Roderick,Sawyer,Alderman,22,"CITY COUNCIL / ALDERMEN",50278,2018-10-12
6261,2018-07-01,2018-09-30,NA,"Lewis W","Powell, III",Attorney,0,"PLANNING AND DEVELOPMENT",51214,2018-10-15
6281,2018-01-01,2018-03-31,Book,Edward,Burke,Alderman,40,"CITY COUNCIL / ALDERMEN",55246,2018-10-16
6282,2018-04-01,2018-06-30,Book,Rod,Sawyer,Alderman,40,"CITY COUNCIL / ALDERMEN",55246,2018-10-16
6284,2018-07-01,2018-09-30,tie,James,Cappleman,Alderman,43,"CITY COUNCIL / ALDERMEN",50514,2018-10-17
6301,2018-07-01,2018-09-30,meal,Brian,Freedman,Staffer,22,"CITY COUNCIL / ALDERMEN",50278,2018-10-18
6302,2018-07-01,2018-09-30,meal,Alvin,Rider,Staffer,22,"CITY COUNCIL / ALDERMEN",50278,2018-10-18
6321,2018-04-01,2018-06-30,"Fruit Pie",David,Seglin,"Legislative & Policy Analyst",15,TRANSPORTATION,55606,2018-11-14
6341,2018-10-01,2018-12-31,na,na,NA,na,0,"POLICE DEPARTMENT",55465,2018-11-19
6361,2018-04-01,2018-06-30,"Fruit Pie",David,Seglin,"Legislative & Policy Analyst",15,TRANSPORTATION,55721,2018-11-26
6381,2018-04-01,2018-06-30,"Fruit Pie",David,Seglin,"Legislative & Policy Analyst",15,TRANSPORTATION,55761,2018-11-29
6401,2018-10-01,2018-12-31,0,Michele,Smith,Alderman,0,"CITY COUNCIL / ALDERMEN",54081,2018-12-20
6402,2018-10-01,2018-12-31,0,Debra,Silverstein,Alderman,0,"CITY COUNCIL / ALDERMEN",50303,2018-12-20
6403,2018-10-01,2018-12-31,0,Debra,Silverstein,Alderman,0,"CITY COUNCIL / ALDERMEN",50303,2018-12-20
6421,2018-10-01,2018-12-31,N/A,N/A,N/A,N/A,0,FINANCE,50327,2018-12-31
6441,2018-10-01,2018-12-31,0,Dan,Casey,"Deputy Director",0,"EMERGENCY MANAGEMENT & COMMUNICATIONS",51097,2019-01-04
6461,2018-10-01,2018-12-31,book,ED,BURKE,alderman,20,"CITY COUNCIL / ALDERMEN",50434,2019-01-09
6462,2018-10-01,2018-12-31,None,None,None,None,0,BUILDINGS,50435,2019-01-09
6481,2018-10-01,2018-12-31,Meal,Adam,Gypalo,"Chief of Staff",16,"CITY COUNCIL / ALDERMEN",50276,2019-01-11
6482,2018-10-01,2018-12-31,Meal,Rod,Sawyer,Alderman,22,"CITY COUNCIL / ALDERMEN",50276,2019-01-11
6501,2018-10-01,2018-12-31,lunch,Ashli,Nelson,Scheduling,17,"MAYORS OFFICE",50294,2019-01-14
6521,2018-10-01,2018-12-31,Cookies,Tim,Jeffries,"Deputy Commissioner TIF Admin",25,"PLANNING AND DEVELOPMENT",52663,2019-01-16
6522,2018-10-01,2018-12-31,Cookies,David,Reifman,"Comissioner of Planning & Dev",37,"PLANNING AND DEVELOPMENT",52663,2019-01-16
6523,2018-10-01,2018-12-31,Cookies,Chip,Hastings,"Deputy Commissioner",25,"PLANNING AND DEVELOPMENT",52663,2019-01-16
6524,2018-10-01,2018-12-31,Cookies,Kathleen,Dickhut,"Deputy Commissioner",25,"PLANNING AND DEVELOPMENT",52663,2019-01-16
6541,2018-04-01,2018-06-30,Book,Rod,Sawyer,Alderman,40,"CITY COUNCIL / ALDERMEN",57203,2019-01-17
6542,2018-01-01,2018-03-31,Book,Edward,Burke,Alderman,40,"CITY COUNCIL / ALDERMEN",57203,2019-01-17
6561,2018-10-01,2018-12-31,n/a,Alderman,Osterman,Mr,0,BUILDINGS,51081,2019-01-21
6581,2018-10-01,2018-12-31,NA,"Lewis W","Powell, III",Attorney,0,"PLANNING AND DEVELOPMENT",51214,2019-01-22
6601,2019-01-01,2019-03-31,None,None,None,None,0,BUILDINGS,56759,2019-04-01
6602,2019-01-01,2019-03-31,0,Lewis,Greenbaum,Attorney,0,"FLEET & FACILITY MANAGEMENT",57036,2019-04-01
6603,2019-01-01,2019-03-31,None,Dan,Casey,"Deputy Director",0,"EMERGENCY MANAGEMENT & COMMUNICATIONS",56146,2019-04-01
6621,2019-01-01,2019-03-31,N/A,N/A,N/A,N/A,0,FINANCE,56381,2019-04-03
6665,2019-01-01,2019-03-31,NA,"Lewis W","Powell, III",Attorney,0,"PLANNING AND DEVELOPMENT",57435,2019-04-17
6667,2019-01-01,2019-03-31,Meal,Robert,Maldonado,Alderman,9,"CITY COUNCIL / ALDERMEN",58500,2019-04-18
6668,2019-01-01,2019-03-31,Meal,Ray,Lopez,Alderman,10,"CITY COUNCIL / ALDERMEN",58500,2019-04-18
6669,2019-01-01,2019-03-31,Meal,Roderick,Sawyer,Alderman,16,"CITY COUNCIL / ALDERMEN",58500,2019-04-18
6670,2019-01-01,2019-03-31,Meal,Michelle,Harris,Alderman,21,"CITY COUNCIL / ALDERMEN",58500,2019-04-18
6671,2019-01-01,2019-03-31,Meal,George,Cardenas,Alderman,21,"CITY COUNCIL / ALDERMEN",58500,2019-04-18
6672,2019-01-01,2019-03-31,Meal,Deb,Silverstein,Alderman,4,"CITY COUNCIL / ALDERMEN",58500,2019-04-18
6681,2019-04-01,2019-06-30,Book,Lori,Lightfoot,"Mayor, Chicago",18,"MAYORS OFFICE",56862,2019-06-24
6701,2019-04-01,2019-06-30,None,Dan,Casey,"Deputy Director PSIT",0,"EMERGENCY MANAGEMENT & COMMUNICATIONS",56146,2019-07-01
6702,2019-04-01,2019-06-30,None,None,None,None,0,BUILDINGS,56759,2019-07-01
6703,2019-04-01,2019-06-30,0,jim,tumpane,sales,0,"FIRE DEPARTMENT",57099,2019-07-02
6704,2019-04-01,2019-06-30,Breakfast,Hopkins,Brian,Alderman,15,"CITY COUNCIL / ALDERMEN",56685,2019-07-05
6705,2019-04-01,2019-06-30,N/A,N/A,N/A,N/A,0,FINANCE,56381,2019-07-08
6721,2019-04-01,2019-06-30,"Food & Beverage",David,Reifman,Commissioner,50,"PLANNING AND DEVELOPMENT",56655,2019-07-15
6722,2019-04-01,2019-06-30,NA,"Lewis W","Powell, III",Attorney,0,"PLANNING AND DEVELOPMENT",57435,2019-07-16
6723,2019-04-01,2019-06-30,0,Rodrick,Sawyer,Alderman,250,"CITY COUNCIL / ALDERMEN",56820,2019-07-17
6724,2019-04-01,2019-06-30,none,james,weiss,mr,0,"CITY COUNCIL / ALDERMEN",56981,2019-07-17



